,카테고리,제목,주소,키워드리스트
821,관광,강화 갑곶돈,인천 강화군 강화읍 해안동로1366번길 18,"강화/235,돈대/139,갑곶돈/108,강화도/100,갑곶/68,전쟁/58,박물관/50,역사/44,고려/42,탱자나무/41,전시/35,강화군/34,조선/34,초지진/33,사진/32,대포/31,해협/29,모습/28,인천광역시/27,위해/27,강화대교/26,조선시대/26,강화읍/25,비석/25,설치/25,신미양요/25,당시/24,인천/23,포대/22,덕진진/22,입구/20,고종/20,위치/19,침입/19,추가/18,섭정/18,김포/18,시설/18,복원/18,여행/18,사적/18,복사/17,이웃/17,본문/17,기타/17,기능/17,용두/17,병인양요/17,가장/16,시간/16,"
0,관광,강화 석수문,인천 강화군 강화읍 고비고개로19번길 12,"강화/154,수문/122,강화산성/113,서문/92,강화도/65,강화읍/49,벚꽃/41,성곽/40,인천광역시/38,국화/38,조선/36,저수지/34,동락천/32,고려/32,강화군/31,길이/29,무당/24,다시/24,코스/23,여행/21,우리/20,리본/20,바로/19,복원/19,북문/19,주차장/18,숙종/18,역사/17,인천/17,몽골/17,산성/17,자리/17,오른쪽/17,지금/16,모습/15,일본/15,사람/15,왼쪽/15,궁지/15,이웃/14,추가/14,생각/14,주변/14,마을/14,복사/13,본문/13,기타/13,기능/13,성벽/13,도로/13,"
822,관광,용흥궁,인천 강화군 강화읍 동문안길21번길 16-1,"용흥궁/202,강화도/152,강화/124,성당/98,철종/93,강화성당/92,여행/85,고려/85,성공회/83,궁지/74,강화군/62,강화읍/56,건물/54,인천광역시/52,주차장/45,모습/44,공원/41,인천/40,코스/39,관청/34,역사/34,시간/33,주차/32,사진/32,당일치기/31,바로/31,우리/29,조선/28,사람/26,내부/25,다시/25,왕위/24,하나/23,이야기/23,자리/23,이웃/22,기능/22,양식/22,거리/22,성공회강화성당/22,교회/22,번길/21,식당/21,구경/21,복사/20,추가/20,본문/20,기타/20,생각/20,볼거리/20,"
1,관광,강화 전등사,인천 강화군 길상면 전등사로 37-41,"전등사/376,강화/163,강화도/69,삼랑성/66,대웅보전/47,대웅전/46,주차장/40,주차/40,사찰/38,나무/36,인천/36,모습/35,여행/34,나부/34,사람/33,강화군/33,인천광역시/33,전설/32,남문/29,동문/27,정족산성/27,관람/27,시간/26,건물/25,부처님/25,모두/25,이름/24,연등/24,보물/23,입구/22,길상면/22,보관/22,산성/22,입장료/21,단군/21,조선/21,식당/21,마음/20,역사/20,사고/20,방문/20,지붕/20,조각/20,문화재/20,여인/20,이웃/19,기능/19,하나/19,도편수/19,복사/18,"
823,관광,강화 정수사,인천 강화군 화도면 해안남로1258번길 142,"정수사/186,강화/111,마니산/85,사찰/49,코스/33,함허대사/26,대웅보전/25,보물/21,강화도/21,복사/20,이웃/20,추가/20,본문/20,기타/20,기능/20,산채/19,여행/18,풍경/17,바위/16,화도면/16,천년/16,계단/15,카페/15,다시/15,강화군/15,관음/15,법당/15,정상/14,시간/14,마음/13,고찰/13,능선/12,인천광역시/12,주차장/11,생각/11,비빔밥/11,등산/11,건물/11,느티나무/11,지붕/11,스페인/11,마을/11,구간/10,보고/10,느낌/10,창건/10,세종/10,부도/10,일몰/9,맛집/9,"
824,관광,강화 초지진,인천 강화군 길상면 해안동로 58,"초지진/253,강화/248,강화도/165,돈대/118,여행/70,강화군/67,덕진진/59,성벽/54,모습/54,주차장/54,역사/51,대포/49,바다/49,인천/48,포탄/47,무료/45,초지/45,인천광역시/45,소나무/43,길상면/40,시간/39,입구/39,초지대교/36,흔적/34,포대/34,신미양요/30,풍경/29,바로/28,지리/27,위치/27,지금/27,코스/27,볼거리/25,입장료/24,김포/24,복원/23,자리/23,관람/23,설치/23,해협/23,하나/22,위해/22,정도/22,생각/22,사건/20,주차/19,시설/19,사진/18,현장/18,당시/18,"
825,관광,강화 홍릉,인천 강화군 강화읍 국화리 산180번지,"강화/139,홍릉/98,고려/79,고종/64,국화/51,저수지/47,왕릉/41,강화홍릉/39,려산/36,돈대/35,코스/34,강화군/32,인천광역시/32,강화도/28,야영장/26,모습/26,강화읍/25,아래/24,고인돌/24,사람/23,망양/22,리본/22,난간/20,마을/20,학생/19,외포리/19,추가/18,기능/18,시간/18,길이/18,고비/18,복사/17,이웃/17,본문/17,기타/17,왼쪽/17,봉분/16,조선/16,지나/16,오른쪽/16,남문/16,덕산/16,위치/15,바로/15,몽골/15,사적/15,조각/15,현재/15,생각/14,도로/14,"
826,관광,IFEZ홍보관,인천 연수구 아트센터대로 175,"송도/303,타워/218,인천/209,홍보/155,전망대/153,파크/127,센트럴/124,인천광역시/71,연수구/66,시간/66,자유/53,공원/52,도시/50,무료/49,센터/47,아트/44,건물/44,아이/40,위치/37,마을/37,주차/36,여행/34,국제/34,관람/34,야경/33,모습/32,체험/31,한눈/30,대교/29,운영/29,구역/29,사진/29,주말/28,이보/28,엘리베이터/27,전망/26,주차장/25,월요일/24,이용/24,주변/23,바로/23,차이나타운/23,방문/22,평일/22,본문/21,공간/21,사람/21,보고/21,복사/20,이웃/20,"
827,관광,아트센터 인천,인천 연수구 아트센터대로 222,"인천/244,아트/174,센터/172,공연/137,연주/61,소리/59,예매/50,음악/45,시간/45,오케스트라/44,피아노/42,콘서트/41,악장/40,수업/39,프로그램/36,티켓/36,진짜/33,송도/32,자리/32,연주자/32,조성진/32,사람/31,공연장/30,생각/30,교향곡/30,좌석/29,시작/29,후기/28,앵콜/28,콘서트홀/26,블럭/26,바다/25,추가/24,오늘/24,사진/24,미술/24,처음/23,바이올린/23,때문/22,클래식/22,시야/22,위치/22,무대/22,보고/21,노선/21,정도/20,복사/19,이웃/19,본문/19,기타/19,"
2,관광,애관극장,인천 중구 개항로 63-2,"극장/230,애관/184,영화/153,인천/115,영화관/66,상영/47,역사/38,중구/36,개항/35,관람/33,보고/32,가격/31,사람/30,디아스포라/30,시간/29,영화제/29,최초/28,예매/27,인천광역시/25,바로/24,티켓/23,조조/22,시작/22,이웃/21,추가/21,기능/21,복사/20,본문/20,기타/20,우리/20,자리/20,생각/19,주차장/19,운영/18,지금/18,때문/18,방문/17,정도/17,사랑/17,계단/16,위치/16,처음/16,주차/16,아트/16,하나/15,거리/15,마지막/15,우리나라/14,요즘/14,건물/14,"
828,관광,강화 덕진진,인천 강화군 불은면 덕진로 34,"강화/377,덕진진/308,강화도/224,돈대/201,포대/156,덕진/104,여행/100,초지진/96,남장/81,강화군/81,해협/77,바다/71,역사/64,서울/63,근교/57,고비/54,모습/52,불은면/49,주차장/49,조루/49,신미양요/49,코스/48,인천광역시/48,덕성/46,인천/45,위치/44,무료/41,김포/41,풍경/41,설치/40,대포/39,하나/38,시간/35,성문/34,당시/31,미국/31,지금/30,성벽/30,바로/29,정도/29,생각/29,요새/26,주차/25,가장/25,시설/25,자리/25,입구/24,사진/24,복원/24,계단/24,"
829,관광,강화 백련사,인천 강화군 하점면 고려산로61번길 270,"백련사/256,려산/181,강화/125,진달래/97,강화도/75,정상/67,주차장/63,등산/61,코스/56,축제/50,사찰/50,여행/47,강화군/46,등산로/45,군락/45,사진/43,카페/43,고려/42,복수초/40,연꽃/39,사람/36,인천광역시/34,은행나무/33,다이어트/32,시간/31,나무/31,주차/29,가을/29,청련/27,생각/26,정말/26,하점면/26,진달래꽃/25,길이/24,풍경/24,여기/23,데크/22,석사/22,인천/22,추가/21,번길/21,복사/20,이웃/20,본문/20,기타/20,기능/20,위치/19,마음/19,출발/18,계단/18,"
3,관광,강화 보문사,인천 강화군 삼산면 삼산남로828번길 44,"보문사/312,강화/157,석모도/114,관음/69,바다/69,기도/66,계단/58,사찰/56,바위/56,소원/49,식당/48,용왕/48,강화도/44,강화군/42,시간/40,여행/39,삼산면/38,눈썹/38,엄마/38,정말/36,성지/36,관세음보살/34,주차장/31,코스/31,마음/31,인천광역시/31,주차/30,주문/30,정도/30,산남로/29,해명/29,모습/28,부처님/28,길이/27,입구/26,마애/26,추가/25,인천/25,재생/25,하나/25,보리암/25,좌상/25,아래/25,맛집/24,번길/24,다시/23,사람/23,바로/23,간장게장/23,낙산사/23,"
830,관광,강화 소창체험관,인천 강화군 강화읍 남문안길20번길 8,"체험/486,강화/281,여행/157,한복/109,직물/89,강화도/88,손수건/88,시간/78,도심/72,고려/69,강화군/66,아이/60,예약/58,무료/55,사진/52,전시관/50,기념품/48,만들기/42,도성/42,강화읍/40,인천광역시/40,스탬프/38,인천/37,번길/35,정원/33,방문/33,추천/33,건물/32,안길/31,공간/31,공장/28,순무/28,방직/27,주차장/26,전시/26,주차/25,정도/25,사용/25,판매/25,기타/24,우리/24,생각/24,위치/23,이웃/22,바로/22,다도/22,직조/22,평화/22,추가/21,산업/21,"
831,관광,강화도 연등국제선원 산사체험,인천 강화군 길상면 강화동로 349-60 전등사,"템플스테이/318,연등/290,국제선/280,스님/253,시간/212,강화도/138,인천/124,체험/120,사찰/116,공양/104,휴식/92,마음/91,저녁/83,여행/81,아침/79,강화/76,프로그램/69,외국인/61,참선/58,생각/57,강화군/56,대웅전/55,길상면/53,불교/53,새벽/51,포행/50,수행/49,지스/46,웰니스/46,숙소/45,명상/45,정도/42,인천광역시/42,한국/40,진행/40,시작/39,니스/37,안내/37,정말/36,우리/35,이규보/35,힐링/34,점심/32,인도/30,잠시/29,오후/29,가지/28,오리엔테이션/28,이야기/28,관광지/27,"
540,관광,강화 참성단,인천 강화군 화도면 흥왕리 산 42-1번지,"마니산/262,참성단/225,계단/189,정상/109,강화/84,강화도/73,코스/71,시간/71,바위/58,능선/51,단군/51,암릉/48,매표소/45,함허/43,산행/43,위치/40,나무/40,정수사/39,인천/38,모습/37,방향/36,등산/35,하산/33,강화군/32,입구/31,재궁/31,동천/30,등산로/30,길이/28,조금/28,제사/27,도착/25,구간/25,사진/25,주차장/24,인천광역시/24,화도면/22,풍경/22,하늘/21,기록/20,정도/20,복사/19,이웃/19,추가/19,본문/19,기타/19,기능/19,바다/19,성화/19,높이/19,"
4,관광,강화 화문석마을,인천 강화군 송해면 전망대로 452,"화문석/299,마을/158,체험/141,강화/139,강화도/57,왕골/55,만들기/40,전통/36,인천/35,농촌/31,역사/30,화관/27,시간/25,두부/25,강화군/24,직접/24,여행/24,전망대/24,관광/23,아이/22,사용/22,송해면/21,자리/21,북한/21,방문/19,정도/18,과정/18,지금/18,민통선/18,위해/17,제작/17,프로그램/17,이웃/16,우리/16,하나/15,단체/15,김치/15,체험학습/14,복사/14,추가/14,본문/14,기타/14,기능/14,전시/14,때문/14,모습/14,스테이/14,문화/14,순두부/14,바로/14,"
832,관광,강화향교,인천 강화군 강화읍 향교길 58,"향교/154,교동/130,강화/76,교동도/53,강화군/48,인천광역시/46,교육/45,강화향교/38,기능/38,고려/38,강화도/33,개사/32,시장/29,교동면/29,읍성/28,대룡/26,여행/25,지방/24,역사/21,시간/21,인천/21,제사/21,유교/19,추가/18,체험/18,복사/17,이웃/17,본문/17,기타/17,최초/17,정말/16,동남로/16,공간/15,문화/14,모습/14,강화읍/14,구경/14,주말/14,한국/14,건물/14,정원/13,우리나라/13,위치/13,비석/13,명륜당/13,돈대/13,기관/12,도착/12,역시/12,인종/12,"
833,관광,강화 고려궁지,인천 강화군 강화읍 북문길 42,"강화/310,고려/269,궁지/235,강화도/158,강화군/84,외규장각/81,여행/78,건물/78,벚꽃/77,강화읍/75,강화성당/68,인천/62,모습/60,인천광역시/59,시간/55,코스/51,용흥궁/50,주차장/46,나무/45,성당/42,역사/40,바로/39,위치/36,내부/36,성공회/35,동헌/35,주차/32,사진/32,자리/32,북문/30,정도/30,조선시대/30,입구/29,장어/29,방문/26,유수부/26,김밥/25,보고/24,관람/23,무료/23,궁궐/23,기능/22,사용/22,명소/22,거리/22,이웃/21,관청/21,계단/21,풍경/21,입장료/21,"
5,관광,강화 광성보,인천 강화군 불은면 해안동로466번길 27,"강화/219,돈대/159,강화도/116,용두/70,시간/64,여행/58,신미양요/52,손돌목돈대/43,강화군/43,역사/42,바다/39,코스/39,무료/38,생각/38,주차/34,하나/31,인천광역시/31,장어/31,불은면/30,해협/29,손돌목/29,주차장/28,풍경/28,모습/27,덕성/26,산책/25,포대/24,조금/24,추가/23,방문/23,나무/23,아이/22,설치/22,바로/21,격전/21,가장/21,어재연/21,이웃/20,본문/20,입장료/20,정도/20,인천/20,초지진/20,복사/19,기타/19,기능/19,고려/19,여기/19,지금/19,전투/19,"
834,관광,무태돈대,인천광역시 강화군 하점면 창후로,"돈대/267,무태/119,강화/55,강화도/52,후리/44,강화군/42,인천광역시/31,교동도/30,코스/28,선착장/28,포좌/28,성벽/26,바다/26,여행/25,해안/25,복원/25,하점면/25,모습/24,설치/24,인천/24,자리/20,기능/19,교동대교/19,방어/18,추가/17,바로/17,월곶/17,복사/16,이웃/16,본문/16,기타/16,고인돌/16,인화/15,위치/15,숙종/15,창후항/15,망월/15,나물/15,시설/14,카페/14,성곽/13,조선/13,정도/13,생각/13,직사각형/13,풍경/12,북쪽/12,지금/12,보이/12,미정/12,"
835,관광,부평아트센터,인천 부평구 아트센터로 166,"부평/143,아트/126,센터/123,공연/95,뮤지컬/68,아이/64,관람/63,시간/54,체험/45,타요/37,예매/37,엄마/37,전시/32,누리/31,주차/30,고고/28,인천/27,티켓/27,작품/27,다이노/27,부평구/26,시작/26,생각/26,우리/25,추가/23,자리/23,무대/23,사진/23,좌석/22,이웃/20,입장/20,주차장/20,중간/20,복사/19,본문/19,기타/19,기능/19,후기/19,극장/19,할인/19,공간/18,마녀/18,다음/17,장난감/17,개월/17,오늘/17,정말/17,하나/16,확인/16,헬로/16,"
836,관광,강화 사기리 탱자나무(이건창 생가),인천 강화군 화도면 해안남로1114번길 6,"탱자나무/161,생가/83,강화도/54,강화/51,정수사/43,천연기념물/35,강화군/35,법당/35,모습/34,정도/32,화도면/29,선생/28,인천광역시/28,지정/27,나무/26,명미/22,건물/20,조선/20,마니산/20,인천/18,도로/18,자리/18,가시/18,가지/18,바로/17,광명/17,시원/16,측백나무/16,함허/16,안남로/15,여러/15,강화학파/15,번길/14,그루/14,나이/14,겨울/14,고려/14,입구/13,지금/13,이름/13,북쪽/13,개성/13,암행어사/12,지방/12,분청사기/12,진행/12,하나/11,생각/11,복원/11,동쪽/11,"
6,관광,쇠뿔고개길,인천광역시 동구 우각로,"마을/56,인천/54,배다리/42,문화/39,사진/31,쇠뿔/30,골목/30,사업/26,거리/23,주민/21,역사/21,벽화/20,고개/20,동구/19,조성/19,지역/18,사람/18,고개길/16,헌책방/16,모습/15,갤러리/14,개항/12,진행/11,도보/10,동네/9,추억/9,관광/9,여행/9,전시/8,예술/8,길이/8,체험/8,운영/7,로드/7,직접/7,도로/7,공예/7,기억/6,추가/6,작가/6,금창동/6,정비/6,보고/6,프로그램/6,공간/6,우리/6,도원역/6,하나/6,가게/6,반점/6,"
837,관광,수봉공원 유아 숲 체험원,인천 미추홀구 수봉안길 84,"체험/206,공원/189,유아/168,아이/137,호수/64,놀이터/55,광교/55,놀이/43,나무/40,시간/37,산책/35,모래/31,바로/27,시설/26,주차장/26,이순신/26,자연/25,이용/24,남해/24,기능/21,무장애/21,정말/21,우리/20,힐링/20,보고/20,경기도/20,복사/19,이웃/19,추가/19,본문/19,기타/19,카페/19,방문/19,주말/19,다리/19,생태/19,하나/18,거리/18,엄마/18,조금/18,운정/18,공간/17,짚라인/17,그네/17,생각/16,아빠/16,운동/16,사람/16,통영/16,그냥/16,"
838,관광,강화도 자연체험농장,인천 강화군 길상면 해안남로 344,"체험/486,강화도/243,농장/176,자연/171,동물/137,아이/125,먹이/120,승마/108,당근/101,주기/95,바이크/81,산악/65,시간/62,코스/52,오토바이/44,토끼/40,예약/39,여행/39,카페/35,염소/33,정도/31,사륜/30,사진/29,갯벌/28,저희/28,고구마/28,생각/28,강화군/28,실내/26,길상면/26,강화/26,안남로/25,인천/25,거리/25,활쏘기/25,추가/24,재생/24,아들/23,교육/22,처음/22,인천광역시/22,바퀴/21,복사/20,이웃/20,본문/20,기타/20,기능/20,바로/20,거위/20,말타/20,"
7,관광,송도 코마린 웨스트보트하우스(수상택시),인천광역시 연수구 송도동 84,"송도/376,보트/277,수상택시/198,하우스/196,웨스트/175,인천/143,마린/132,센트럴/111,파크/110,시간/71,아이/47,출발/45,여행/41,매표소/39,코스/39,연수구/38,주차/38,타워/36,이스트/33,주말/31,인천광역시/29,정각/28,평일/26,탑승/26,가격/25,타고/25,정도/24,주차장/23,추가/21,택시/21,사진/21,추천/21,복사/20,이웃/20,본문/20,기타/20,기능/20,소인/20,위치/19,수상/19,재생/18,근처/17,인승/17,이용/17,풍경/16,야경/16,호텔/16,도착/16,대인/16,건물/16,"
839,관광,시천가람터,인천광역시 서구 시천동 162,"놀이터/193,천가람/156,물놀이/154,아라뱃길/124,인천/78,서구/78,아이/69,운영/55,이용/54,수영장/54,주차장/50,시간/45,매화/44,주차/42,인천광역시/34,자전거/33,검암역/32,동산/32,공간/31,바로/30,천동/28,조금/28,위치/24,화공/23,안전/23,모습/23,생각/22,개장/22,추가/21,기타/21,엄마/21,코스/21,복사/20,이웃/20,본문/20,기능/20,입장/20,자리/20,물이/20,참고/19,검암/19,산책/19,경인/19,수산물/18,사진/18,사람/17,시아/17,서해/16,돗자리/16,무료/16,"
840,관광,신시도 연도교,인천광역시 옹진군 북도면 시도로,"신도/104,시도/89,모도/76,해변/50,신시모도/50,인천/42,연도교/37,신시도/28,옹진군/27,구봉산/25,형제섬/24,다시/24,다리/22,공원/22,클래스/21,여행/20,라이딩/20,퍼스트/20,수기/19,추가/18,풍경/17,선착장/16,타고/16,재생/16,이웃/15,기능/15,시간/15,탑승/15,스쿠터/15,마을/14,복사/14,본문/14,기타/14,산행/14,장봉도/14,라운지/14,바다/13,우리/13,형제/12,사람/12,삼목항/12,카페/12,방향/11,도착/11,버스/11,시작/11,해안/10,영종도/10,처음/10,사장/10,"
8,관광,신여성길,인천광역시 동구 우각로,"공원/116,인천/108,인천광역시/86,마을/54,문화/46,시설/44,생태/37,공간/33,전망대/33,벽화/25,중구/25,위치/24,지역/23,자연/23,바다/22,미추홀/20,도시/20,거리/19,관광/18,강화/18,길이/18,아라뱃길/18,골목/16,역사/16,교육/16,조성/16,체험/16,여성/15,위해/15,서구/15,사람/14,시작/14,최초/14,산림/14,파크/13,설치/13,영화/12,테마/12,또한/12,신청/12,예술/12,건물/11,아이/11,여행/11,드라마/11,활용/11,도심/11,사업/11,주변/11,안내/11,"
841,관광,아라마루 전망대,인천 계양구 아라로 228 경인아라뱃길 아라마루,"전망대/280,아라마루/226,폭포/176,아라뱃길/96,인천/83,시간/70,바닥/51,휴게소/50,이용/39,유리/39,운영/38,아래/35,계양구/33,풍경/31,사람/30,막국수/30,사진/28,버스/26,모습/26,카페/25,바로/24,둑실/24,주차/24,산책/24,구간/23,주차장/23,자전거/22,방문/22,오전/22,야경/21,추가/21,인천광역시/21,주말/21,가동/21,복사/20,이웃/20,본문/20,기타/20,기능/20,재생/20,코스/19,계양/19,보고/19,계단/19,원형/18,생각/18,날씨/18,구경/18,경인/18,강원/18,"
842,관광,아라폭포,인천 계양구 아라로 228 아라폭포,"폭포/343,전망대/188,아라마루/151,아라뱃길/136,시간/89,인천/74,운영/58,휴게소/37,주차장/37,주차/34,이용/33,사진/33,인천광역시/31,계양구/31,바로/29,바닥/29,가동/29,인공/27,편의점/27,경인/27,둑실/26,자전거/25,아래/25,주말/24,모습/24,물이/23,구간/22,재생/22,이웃/21,추가/21,방문/21,도착/21,여행/20,복사/20,본문/20,기타/20,기능/20,카페/20,날씨/20,산책/20,원형/20,계단/20,나들이/19,보고/18,위치/18,길이/18,라면/18,저희/17,사람/17,생각/17,"
843,관광,월곶돈대와 연미정,인천 강화군 강화읍 해안북로 442,"미정/331,돈대/208,월곶/189,강화/172,강화도/154,여행/99,정자/61,느티나무/59,강화군/48,위치/48,모습/48,바로/45,북한/44,전쟁/42,사진/42,강화읍/38,조선/36,코스/34,풍경/34,인천광역시/33,생각/32,한강/31,역사/28,정도/28,경치/28,주차장/27,태풍/27,나무/27,고려/26,현재/26,여기/26,지금/26,아래/25,그루/25,해루/25,인천/24,월곳리/24,이름/24,하나/24,드라이브/24,링링/24,꼬리/23,제비/22,사람/22,김포/22,기능/21,정말/21,출입/21,성벽/21,박물관/20,"
9,관광,연안부두 전망대,인천 중구 연안부두로 36,"인천/211,안부/207,광장/197,전망대/148,해양/101,연안/85,부두/83,상트페테르부르크/72,유람선/68,러시아/50,바다/50,공원/45,중구/39,인천광역시/32,카페/31,어시장/30,놀이터/30,사업/28,영종도/27,월미도/26,물놀이/25,아이/25,앞바다/24,시간/24,기능/23,팔미도/23,주차장/23,주차/22,이웃/21,추가/21,복사/20,본문/20,기타/20,사람/20,해안/20,여행/18,선착장/18,조성/18,인형/18,등대/18,종합/17,운영/17,방문/16,바로/16,킹크랩/16,위치/16,갯벌/16,이용/15,산책로/15,갈매기/14,"
844,관광,인천항연안여객터미널,인천 중구 연안부두로 70,"인천/290,터미널/218,여객/190,연안/186,여행/170,덕적도/92,시간/81,연평도/67,이용/60,출발/49,주차/44,주차장/43,도착/41,백령도/39,대이작도/39,배편/38,요금/38,승선/37,코리아/36,인천광역시/34,사람/32,신분증/30,차량/29,때문/29,굴업도/29,승선권/25,대청도/25,여객선/24,바다/24,문갑/24,시작/23,부두/23,예매/22,약국/21,소야/20,이웃/20,추가/20,타고/20,작도/20,아침/20,해수욕장/20,중구/20,경우/20,맛집/20,복사/19,본문/19,기타/19,기능/19,예약/19,멀미/19,"
845,관광,제1연평해전 전승비,인천 옹진군 연평면 연평리 산 16,"연평해전/139,전승/91,해군/91,연평도/72,북한/55,함대/54,기념/46,우리/38,바다/35,경비정/29,서해/25,해변/25,승리/23,여행/21,안보/20,장병/20,수호/20,북방한계선/19,당시/18,구리/18,주년/18,선착장/17,조기/17,육교/16,연평/16,사령부/16,행사/16,바위/16,기능/14,기자/14,승전/14,평택/14,복사/13,추가/13,본문/13,해전/13,안목/13,침범/13,사진/13,참전용사/13,이웃/12,기타/12,물이/12,사령관/12,파도/11,아침/11,이동/11,제막식/11,교전/11,옹진군/10,"
10,관광,영종레저,인천 중구 영종순환로 279-20,"영종/121,레저/63,낚시터/58,낚시/48,인천/47,사업/47,개발/42,바다/36,관광/33,복합/33,도시/33,계획/31,환경/29,시티/29,추가/26,사이드/25,영종도/24,시설/24,단지/24,지역/24,조성/23,기능/22,예정/22,이웃/21,위치/21,공간/21,평가/20,파크/20,타입/20,기타/19,자리/19,지구/19,시작/19,물고기/19,드림/19,아일랜드/19,복사/18,본문/18,분양/18,중구/18,레일바이크/18,시간/17,리조트/17,호반/17,써밋/17,모습/16,인근/16,영향/16,교통/16,세대/15,"
846,관광,영화초등학교,인천 동구 우각로 39,"초등학교/187,영화/147,인천/107,학교/65,동구/42,첼로/36,학생/35,교육/34,인조잔디/30,공연/27,관동/26,역사/26,체육대회/26,시공/25,매트/25,수업/24,이웃/23,기타/23,위치/23,아이/22,사립/22,시간/21,진행/21,공기청정기/21,동창회/21,송도/21,추가/20,기능/20,복사/19,본문/19,관리/19,학원/19,전문/19,맥스/19,위해/18,작업/18,레슨/18,오늘/17,경관/17,준비/17,사용/16,학년/16,이벤트/16,선교사/15,지역/15,골프/15,이제/15,인천광역시/14,모습/14,개선/14,"
847,관광,영흥대교,인천광역시 옹진군 영흥면 내리,"영흥대교/159,영흥도/149,인천/135,여행/88,캠핑장/73,바다/71,수영장/64,빌라/62,선재도/61,옹진군/47,해수욕장/43,오션/39,하늘/38,인천광역시/38,용담/38,전망대/37,영흥면/37,호호/37,고래/36,영흥/36,바로/36,사진/33,트리/33,장소/32,재생/32,코스/31,화장실/31,추천/31,시간/30,생각/29,서울/29,대부도/28,십리/28,거실/28,아홉/28,사람/27,정말/27,야경/27,위치/26,추가/25,이용/25,우리/25,숙소/24,풍경/24,조개/24,아이/23,맛집/23,명소/23,이웃/22,저희/22,"
848,관광,옛 여선교사 합숙소(인천기독교사회복지관),인천 동구 우각로 57,"인천/180,기독교/113,선교사/108,사회/105,복지관/104,건물/91,숙소/61,동구/41,사용/34,지붕/30,학교/29,인천광역시/28,한국/28,모습/27,현재/27,문화재/26,영동/24,초등학교/24,선교/22,명칭/22,당시/21,운동/21,미국/20,우리나라/20,양식/19,유형문화재/19,영화/18,건축/18,최초/18,여자/18,태화/17,자리/16,교사/15,지금/14,내부/14,창영교회/14,배다리/14,이웃/13,기능/13,합숙/13,역사/13,보존/13,복사/12,추가/12,본문/12,기타/12,공간/12,벽돌/12,회관/12,아펜젤러/11,"
849,관광,옥토끼우주센터,인천 강화군 불은면 강화동로 403,"우주/363,센터/288,옥토끼/285,아이/172,체험/170,강화도/149,썰매/104,강화/82,야외/78,사진/68,공룡/64,시간/63,여행/59,타고/56,재생/54,일상/54,이용/53,우리/50,빌라/50,보고/48,보트/45,실내/42,수영장/40,생각/39,접기/36,예약/34,공원/32,여름/31,정도/31,정말/31,엄마/30,사람/30,공간/29,우주선/29,하나/28,시설/27,기구/27,눈썰매장/27,그냥/26,진짜/26,기차/26,여기/26,저희/25,강화군/24,직접/24,추가/23,불은면/23,이웃/22,복사/21,얼음/21,"
850,관광,용궁사,인천 중구 운남로 199-1 용궁사,"해동용궁사/173,부산/132,용궁/87,시간/66,기장/56,맛집/54,주차장/50,일출/46,바다/44,기장군/42,주차/40,여행/38,사람/38,메뉴/37,기장읍/36,가마솥/35,바로/34,추가/32,입구/32,사찰/32,위치/30,소원/30,관음/30,기도/27,사진/27,추천/26,부산광역시/26,근처/26,아난/26,쭈꾸미/25,주문/24,루지/24,이용/23,이웃/22,방문/22,고슬고슬/22,정말/21,복사/20,본문/20,기타/20,기능/20,여기/20,먼저/20,해운대/19,생각/19,물회/19,모습/18,계단/18,하나/18,해수/18,"
11,관광,용동 큰우물,인천 중구 우현로90번길 19-13 용동큰우물,"우물/177,인천/130,용동/128,칼국수/98,만두/48,중구/38,맛집/37,인천광역시/30,칼국시/29,문화재/29,우현/27,지금/23,골목/23,이웃/20,추가/20,기타/20,보리밥/20,복사/19,본문/19,기능/19,선생/19,주문/17,김치/17,식당/16,우리/15,콩국수/15,고유섭/14,하나/14,국물/13,사용/13,이름/13,고추장/13,성당/13,생각/12,정말/12,번길/12,위해/12,사람/12,주변/12,금촌/11,보호/11,공원/11,바로/10,정도/10,길병원/10,바지락/10,조금/10,가장/10,문화/10,수도/10,"
851,관광,용두레마을,인천 강화군 내가면 황청포구로385번길 8,"용두레/171,마을/165,체험/98,돈대/72,강화/54,강화도/32,코스/31,인천/29,서해/27,만들기/27,고구마/26,강화군/24,석모도/23,농촌/23,시간/22,바다/22,인천광역시/22,스테이/21,갯벌/20,계룡/19,내가면/18,망월/18,노래/18,황청/17,외포리/16,망양/16,기타/15,기능/15,선착장/15,하나/15,복사/14,이웃/14,추가/14,본문/14,저수지/14,버스/13,길이/13,시설/13,여기/13,직접/13,포구/13,위치/13,아이/13,오늘/12,물이/12,황청리/12,소개/12,국수/11,박물관/11,사람/10,"
852,관광,용진진,인천 강화군 선원면 연리 215-3 용진진,"돈대/273,강화/115,강화도/102,좌강/73,카페/51,여행/45,강화군/43,인천광역시/42,갑곶/32,성벽/29,선원면/28,인천/27,주차장/25,바다/24,경루/23,마을/22,모습/21,추가/20,기능/20,코스/20,농가/20,식탁/20,복사/19,이웃/19,본문/19,기타/19,복원/19,장소/19,용진/18,해안/18,계단/17,사진/17,설치/17,효종/16,초지진/16,방향/15,위치/15,도로/15,시간/15,반려견/15,산책/14,덕진진/14,현재/14,화장실/14,해협/14,정도/14,마켓/14,진과/13,나무/13,위해/13,"
853,관광,원인재,인천 연수구 경원대로 322 원인재,"원인재역/82,치아/81,맛집/71,치료/61,인천/50,원인재/37,때문/36,수도/35,고기/35,짬뽕/35,치과/33,임플란트/33,진행/32,기능/31,연수구/29,경우/28,방법/28,교동/28,추가/27,시간/27,방문/25,인천광역시/24,정도/23,연수동/23,소고기/23,웨딩/22,재생/22,고집/22,코스/22,깍두기/22,이웃/21,위치/21,틀니/21,이용/21,남동/21,복사/20,본문/20,기타/20,사용/20,통증/20,생각/20,드라마/20,우리/19,시작/18,주문/18,남동구/18,부위/18,다른/17,개인/17,준비/16,"
12,관광,월미공원전망대,인천광역시 중구 북성동1가  산2-16 월미공원 전망대,"공원/271,전망대/220,인천/205,월미산/126,월미도/120,정상/99,물범/97,시간/72,코스/58,카페/58,바다/55,중구/53,타고/53,전망/48,모습/47,인천광역시/46,계단/44,주차장/43,운행/43,산책/42,이용/41,아이/39,마루/38,달빛/37,미전/36,풍경/36,파크/36,망대/35,생각/35,바다열차/35,바로/34,셔틀/32,북성동/32,도착/30,주차/30,여기/29,광장/29,거리/28,안내소/27,한국/26,자리/26,구경/26,다시/26,정도/26,전통/24,입구/24,운영/23,놀이기구/23,날씨/22,카를/22,"
854,관광,월미바다열차,인천 중구 제물량로 269,"바다열차/231,인천/214,월미도/170,바다/118,열차/99,시간/84,거리/75,벽화/75,타고/73,문화/67,탑승/67,차이나타운/67,다시/62,여행/61,바로/54,구경/52,중구/52,모노레일/51,공원/47,아이/46,예매/45,인천광역시/43,주차장/41,생각/40,사람/40,승차/39,설명/38,사일로/37,박물관역/35,사진/34,한번/32,우리/32,주차/32,여기/30,주말/30,파크/29,곡물/28,정도/28,유람선/28,출발/26,보고/26,운행/26,바퀴/25,저희/25,조금/24,코스/24,관광/23,다음/22,해설/22,추가/21,"
855,관광,월미테마파크,인천 중구 월미문화로 81,"월미도/191,인천/148,파크/148,아이/90,공원/67,바다/66,놀이기구/58,중구/57,놀이/53,테마/52,사람/48,차이나타운/47,주차장/43,바다열차/42,시간/41,인천광역시/40,여행/36,문화/36,거리/36,랜드/36,구경/35,바이킹/34,마이/34,주차/33,저희/31,바로/30,대관람차/30,조개/28,타고/26,추천/26,열차/25,이용/25,주말/25,정도/24,디스코/24,여기/23,하나/23,생각/22,탑승/21,영종도/21,복사/20,이웃/20,추가/20,본문/20,기타/20,기능/20,시설/20,기구/20,후기/19,새우깡/19,"
13,관광,"은율탈춤(국가무형문화재) 보유자(박일흥, 차부회)",인천 미추홀구 수봉안길 78,"은율/218,탈춤/205,무형문화재/172,공연/82,인천/73,전승/68,황해도/59,국가/46,과장/44,대한민국/43,마당/40,영감/39,할미/36,중요/35,행사/32,보존/31,인천광역시/31,소리/30,문화/29,수관/28,전통/28,우리/27,미추홀/26,교육/26,보유/25,무형/23,봉산탈춤/22,양반/21,지정/21,승지/21,기능/20,전시/19,중춤/18,선생님/18,지금/18,상좌/17,팔목/17,축제/16,거문고/16,추가/15,기타/15,복사/14,이웃/14,본문/14,진행/14,경기/14,범패/14,지방/13,풍자/13,대한/13,"
856,관광,의선당,인천 중구 차이나타운로 34 의선당,"인천/149,차이나타운/133,의선/132,중국/66,화교/42,사진/29,여행/29,사당/29,거리/27,중구/24,개항/24,한국/23,계단/22,인천광역시/20,이웃/19,추가/19,기능/19,느낌/19,복사/18,본문/18,기타/18,건물/18,생각/17,마을/17,시민/17,자유/16,공원/16,동화/16,위치/15,시간/15,모습/15,보고/15,사람/14,위해/14,관우/14,투어/14,문학관/14,성당/14,황제/13,계승/13,볼거리/13,패루/13,청관/13,바로/12,전통문화/12,기도/12,만두/12,소원/12,박물관/12,한중/12,"
14,관광,이건창 생가,인천 강화군 화도면 해안남로1114번길 6 이건창 생가,"생가/162,탱자나무/86,강화도/75,강화군/71,강화/52,정수사/45,인천/44,선생/42,인천광역시/42,조선/41,문화재/37,법당/35,화도면/34,모습/34,복원/34,정도/32,지정/30,건물/28,명미/28,초피산/27,마니산/26,시원/26,암행어사/25,강화학파/25,나무/25,안남로/24,번길/24,기념물/24,바로/23,천연기념물/21,조선시대/21,후기/20,이름/20,이웃/19,나이/18,생각/18,유배/18,복사/17,추가/17,본문/17,기타/17,기능/17,광명/17,때문/17,창의/16,사람/16,함허/16,능선/16,당의통략/16,여행/15,"
857,관광,경인 아라뱃길,인천 서구 정서진1로 41,"전망대/139,인천/135,아라뱃길/106,경인아라뱃길/84,자전거/77,정서진/77,아라타/56,경인/50,시간/48,모습/48,놀이터/40,서구/37,사진/36,장어/34,인천광역시/33,주변/32,방문/32,풍경/31,사람/31,서울/31,카페/30,노을/30,아라마루/29,주차장/29,터미널/29,정도/27,바로/26,폭포/26,이용/25,생각/25,일몰/25,서해/25,거리/24,한강/24,여객/24,타고/23,아이/23,추가/22,여기/22,이웃/21,기능/21,시작/21,도착/21,복사/20,본문/20,기타/20,광장/20,김포/20,관람/19,방향/19,"
15,관광,이섭정,인천광역시 강화군 강화읍 갑곳리 이섭정,"강화/195,돈대/150,갑곶/118,전쟁/98,박물관/86,강화도/76,섭정/42,비석/39,역사/38,탱자나무/31,여행/27,대포/27,전시/26,강화군/25,조선시대/23,강화읍/23,고려/21,위해/21,금속활자/19,강화대교/18,제물/17,인천/17,사용/16,코스/16,인천광역시/16,전등사/16,바다/15,나무/15,모습/14,시간/13,해협/13,복원/13,선정/13,왼쪽/13,가장/13,복사/12,이웃/12,추가/12,본문/12,기타/12,기능/12,갑곶돈/12,이름/12,관련/12,금표/12,위치/12,영산홍/12,다시/12,조선/11,지금/11,"
858,관광,대청도 광난두정자각,인천광역시 옹진군 대청면 대청리 산297-1,"대청도/166,바위/103,해변/94,정자/82,백령도/61,전망대/60,모래/58,서풍/53,여행/49,소청도/30,트레킹/29,시간/29,풍경/27,하늘/25,모래사막/24,다시/22,바다/22,대청면/21,언덕/21,코스/20,이동/19,삼각산/19,이웃/18,펜션/18,사진/18,옥죽/18,멀리/18,인천/18,마당/18,옹진군/17,일몰/17,정말/17,선착장/17,해넘이/16,인천광역시/16,복사/15,추가/15,본문/15,기타/15,기능/15,도착/15,대청리/15,위치/14,다음/13,아침/13,서해/13,마지막/13,할머니/13,버스/12,시작/12,"
546,관광,괭이부리마을,인천광역시 동구 만석동,"청라/320,괭이/186,부리/184,맛집/180,생선/175,마을/173,인천/159,구이/141,반찬/86,메뉴/82,고등어/73,생각/68,한정식/58,정식/57,셀프/54,추가/53,정말/53,방문/50,식사/50,음식/44,지젤/42,나물/41,솥밥/40,비지/40,주문/38,조림/38,하나/38,시간/35,모임/35,굴비/35,서구/34,찌개/34,밥집/33,코너/33,에메랄드/32,떡볶이/32,때문/31,가족/31,정도/31,젓갈/30,화덕/30,기본/28,준비/28,매장/28,느낌/27,밑반찬/27,묵은지/26,삼치/24,역시/24,진짜/24,"
859,관광,인천 개항 누리길,인천 중구 제물량로218번길 3 인천 개항 누리길,"인천/496,개항/235,차이나타운/93,거리/89,역사/77,일본/72,중구/71,건물/64,박물관/63,시민/60,여행/58,공원/58,제물포/45,인천광역시/44,자유/43,구락부/43,누리/42,전시관/42,카페/42,애집/40,호텔/39,시간/36,한국/35,최초/34,마을/34,동화/32,맛집/30,느낌/30,문화/30,사진/29,짜장면/28,계단/28,방문/28,시장/27,대불/26,송월동/26,월미도/24,주차/24,공간/24,바로/23,중국/23,아트/23,관동/23,조계지/23,이웃/22,생각/22,여기/22,플랫폼/22,골목/22,건축물/22,"
860,관광,교동제비집(웰컴센터),인천 강화군 교동면 교동남로 20-1,"교동/373,교동도/236,시장/211,제비집/182,대룡/175,강화/101,강화도/98,여행/81,체험/74,평화/56,제비/54,강화군/49,신문/49,사진/47,자전거/46,아이/46,방문/44,시간/42,관광/42,센터/40,추억/38,모습/38,만들기/37,교동면/35,인천/34,카페/34,인천광역시/34,다리/34,운영/33,직접/32,출입/30,거리/30,하나/30,안내/30,판매/29,동남로/29,지역/28,웰컴/28,마켓/26,고향/26,구경/26,북한/25,대여/25,바로/25,위치/24,느낌/24,강아지/23,시작/23,주차장/23,파머스/22,"
16,관광,인천 경서동 녹청자 요지(녹청자박물관),인천 서구 도요지로 54 인천 경서동 녹청자 요지,"청자/397,박물관/267,도자기/228,인천/211,서구/152,체험/145,가마/90,요지/87,경서동/70,전시/64,역사/56,무늬/51,기법/50,아이/42,관람/39,작품/37,시간/36,인천광역시/32,도예/32,사용/32,유물/29,현대/29,만들기/27,이용/26,예약/25,아들/25,교육/25,과정/24,모습/23,전통/23,토기/23,모양/23,성형/22,고려시대/22,추가/21,물레/21,안내/21,출토/21,기타/20,구경/20,상감/20,복사/19,이웃/19,본문/19,기능/19,그릇/19,기획전/19,일일/19,고려/19,우리/18,"
861,관광,구)일본제58은행지점,인천 중구 신포로23번길 69-1,"은행/277,인천/271,일본/138,건물/125,지점/121,개항/99,군산/63,사용/61,조선/56,근대건축/54,전시관/50,전시/50,근대/47,지붕/43,당시/39,일본제/39,건축물/37,중구/35,사진/34,박물관/34,이후/34,인천광역시/29,최초/28,현재/27,한국/27,모형/25,역사/25,미술관/25,업무/24,시간/23,양식/23,설치/23,거리/22,우리나라/22,관람/22,건축/21,지금/21,시작/20,설립/19,문화재/19,발코니/18,철도/18,추가/17,기능/17,프랑스/17,복사/16,이웃/16,본문/16,기타/16,구경/16,"
862,관광,궁시장(국가무형문화재) 보유자(박호준),인천 미추홀구 매소홀로 599,"무형문화재/189,국가/139,궁시/131,보유/127,화살/101,인정/59,전통/58,전승/54,제작/49,행사/49,기능/39,부천/37,박물관/35,궁장/35,체험/33,문화/32,예고/30,기술/29,공개/29,공연/29,사람/28,전시/26,교육사/26,대한민국/25,교육/24,대전/23,우리/23,호준/23,김윤경/22,재료/22,각궁/21,경기/21,장인/21,무형/21,재청/20,시장/20,나전/20,유영기/19,국궁/19,시연/19,작품/19,유산/19,전수/18,추가/17,이번/17,쇠뇌/17,문화재/16,복사/16,이웃/16,본문/16,"
17,관광,팟알(구 대화조 사무실),인천 중구 신포로27번길 96-2 인천 구 대화조 사무소,"인천/195,팟알/91,개항/82,카페/71,일본/51,건물/48,여행/41,호텔/36,차이나타운/34,역사/32,팥빙수/31,거리/28,문화재/25,근대/22,사진/22,느낌/21,카스테라/21,신포/21,구경/20,박물관/19,주문/18,대화/17,운영/17,지금/17,하버/17,장거리/16,시간/16,중국/16,문화유산/15,사무실/15,메뉴/15,중구/15,파크/15,우리/14,은행/14,지점/14,베스트/14,추가/13,이용/13,사용/13,가옥/13,아메리카노/13,진짜/13,보고/13,바로/13,웨스턴/13,목조/12,하나/12,모습/12,문화/12,"
863,관광,꿈엔뜰 키즈랜드,인천 동구 솔빛로 82,"키즈/247,랜드/160,아이/127,놀이기구/115,카페/110,동구/102,인천/100,시간/53,이용/46,청소년/42,주말/41,수련/39,기차/36,실내/34,공간/32,운영/32,편백나무/31,주민/31,정글짐/30,놀이/30,요금/28,우리/27,박물관/25,미니/24,엄마/24,추가/23,로켓/23,친구/23,블럭/22,달동네/22,시설/22,솔빛로/21,체험/21,기능/19,꼬마/19,파티/19,정말/19,위치/19,복사/18,이웃/18,본문/18,기타/18,인천광역시/18,하나/18,보호자/18,자전거/18,모두/18,점핑/17,소프트/17,추천/17,"
18,관광,능허대지,인천 연수구 능허대로 109,"능허대/154,인천/81,능허대지/65,백제/61,역사/57,중국/41,모습/39,정자/34,연수구/33,공원/32,축제/30,사신/29,나루터/22,이용/21,위치/21,인천광역시/20,원인재/17,옥련동/16,사진/15,나루/15,연못/14,문화재/14,신선/14,근초고왕/14,답사/14,서포터즈/14,우물/14,박물관/13,추가/12,자리/12,통교/12,왕래/12,출발/12,우리/12,지역/12,복사/11,이웃/11,본문/11,기타/11,기능/11,주변/11,도읍/11,교역/11,현재/11,고구려/11,이허겸/11,웅진/10,지금/10,조성/10,아파트/10,"
864,관광,대불호텔(중구생활사전시관),인천 중구 신포로23번길 97,"호텔/375,전시관/347,인천/278,대불/274,중구/216,생활사/160,박물관/107,개항/95,관람/83,차이나타운/67,여행/64,모습/57,역사/56,재현/56,인천광역시/55,공간/53,최초/49,건물/49,번길/48,거리/48,신포/46,당시/42,년대/42,전시/41,사진/40,시간/39,우리나라/38,느낌/37,바로/37,짜장면/35,양식/33,생각/32,여기/31,구경/31,일본/30,지금/27,통합/27,주차/26,객실/25,운영/25,서울/25,의상/24,사람/24,하나/24,주차장/24,추천/23,투어/23,옛날/23,기능/21,문화/21,"
541,관광,대한민국 수준원점,인천 미추홀구 소성로 71,"수준/233,원점/209,기준/132,인천/131,높이/112,대한민국/96,인하/54,측정/53,해수면/50,설치/50,우리나라/46,측량/41,국토/37,해발/36,문화재/34,해발고도/31,위치/30,평균/28,등록/26,대학교/24,인천광역시/24,앞바다/22,바로/21,전문/21,대학/21,전국/20,공업/20,벽돌/20,우리/20,고도/18,국가/18,시설/18,표시/18,거리/18,이웃/17,캠퍼스/17,지점/17,보호/17,기타/16,기능/16,육지/16,미추홀/16,공원/16,복사/15,추가/15,본문/15,차이/15,때문/15,문화유산/15,신포/15,"
542,관광,창영철로변 어울림갤러리,인천 남동구 만의골로 71,"배다리/137,인천/117,마을/83,문화/71,거리/70,동구/56,갤러리/55,헌책방/50,어울림/40,박물관/38,인천광역시/38,도원역/37,성냥/37,역사/30,철로/29,골목/25,벽화/25,서점/24,달동네/23,전시/21,초등학교/21,공원/20,모습/18,공간/18,지역/17,느낌/17,수도국산/17,시작/16,그림/16,코스/16,양조장/16,한미/16,촬영/16,정원/16,이웃/15,추가/15,작품/15,책방/15,시간/15,복사/14,본문/14,기타/14,기능/14,오늘/14,생각/14,금곡로/14,개항/14,여행/13,도깨비/13,그냥/13,"
543,관광,인천 답동성당,인천 중구 우현로50번길 2 인천답동성당,"인천/256,답동성당/222,성당/202,천주교/67,신부/57,역사/53,중구/49,사진/45,주차장/45,교구/43,역사관/43,모습/36,여행/33,인천광역시/32,건물/32,양식/31,공사/31,답동/31,내부/29,번길/28,교회/27,생각/27,시간/27,로마네스크/27,우현/27,방문/27,문화/26,시장/25,개항/25,관광/24,추가/23,시작/23,신포/23,공간/23,본당/23,사업/23,이야기/22,구경/22,예식/20,복사/20,이웃/20,본문/20,기타/20,기능/20,목사/20,바로/20,가장/19,지금/19,조성/19,가톨릭/19,"
19,관광,인천도호부관아 전통문화체험,인천 미추홀구 매소홀로 589,"인천/306,관아/173,호부/148,체험/135,향교/70,도호/69,아이/65,미추홀/47,전통/46,재현/34,인천광역시/31,동헌/30,시간/29,건물/29,만들기/28,기능/27,사진/26,모습/25,프로그램/25,부사/25,전통문화/23,역사/23,문화/22,복사/20,이웃/20,추가/20,본문/20,기타/20,객사/20,시설/19,주말/19,진행/19,우리/19,조선시대/19,행사/18,보고/18,소홀/17,청사/17,해설/17,문학동/16,공간/16,족두리/16,직접/16,여행/15,산책/15,놀이/14,위치/14,관람/14,활동/13,부관/13,"
544,관광,인천 차이나타운,인천 중구 차이나타운로26번길 12-17 인천 차이나타운,"차이나타운/270,인천/234,카페/70,거리/67,짜장면/55,주차장/53,메뉴/51,커피/50,주차/47,중국/46,짬뽕/45,짜장/44,맛집/43,중구/41,사진/39,시간/39,아키라/38,바로/36,탕수육/34,마을/33,동화/32,여행/30,인천광역시/30,만두/30,연경/29,느낌/29,볼거리/28,일본/27,본점/27,주문/26,번길/25,계단/25,사람/24,식당/24,우리/23,조금/23,중식/23,추가/22,입구/22,건물/22,생각/22,이웃/21,기타/21,먹거리/21,복사/20,본문/20,기능/20,위치/20,구경/20,하나/20,"
545,관광,대청도 매바위 전망대,인천광역시 옹진군 대청면 대청리,"대청도/216,해변/203,모래/163,바위/158,전망대/115,옥죽/49,소나무/48,삼각산/47,바다/42,여행/42,서풍/37,백령도/36,인천/35,해안사/33,정자/32,해넘이/32,우리/29,시간/28,모습/27,풀등/25,모래사막/24,소청도/24,사막/22,사구/22,트레킹/21,대청면/21,파도/21,재생/21,마치/20,옹진군/20,정상/20,적송/20,이웃/19,다음/19,날개/19,사이/19,바람/19,접기/19,하나/18,인천광역시/18,형상/18,풍경/18,잠시/18,멀리/18,이름/18,모래언덕/18,하늘/17,낙타/17,물이/17,기린/17,"
20,관광,인천 창영초등학교 (구)교사,인천 동구 우각로15번길 16 인천창영초등학교 (구)교사,"인천/130,초등학교/85,건물/56,교사/52,공립/44,학교/36,운동/34,역사/31,채용/25,보통학교/24,학생/23,창영/18,학년/17,강사/17,영초/16,동구/16,모습/15,당시/15,발상/15,교육/14,강재구/14,소령/14,지붕/14,시간/14,현관/13,수업/13,기간/13,공고/13,추가/12,사진/12,유형문화재/11,졸업생/11,아이/11,인천광역시/11,어린이/11,배다리/11,지역/11,기타/10,아치/10,양식/10,본관/10,지정/10,비즈/10,한국어/10,복사/9,이웃/9,본문/9,기능/9,보존/9,우리/9,"
865,관광,미추홀 전통음식문화연구원 전통문화체험,인천 중구 월미로 131-22 월미문화관 한식체험관,"체험/365,전통문화/147,프로그램/95,전통/95,세종/79,아이/68,문화/59,만들기/56,음식/53,시간/47,진행/44,사찰음식/44,공원/42,미추홀/41,여행/37,코코넛/35,재료/32,신청/30,가족/28,화관/27,우리/25,가지/23,옥천/22,추가/21,공간/21,연구원/21,기타/20,이용/20,예약/20,인천/19,복사/19,이웃/19,본문/19,기능/19,사진/18,준비/18,저희/17,한국/17,방문/17,조리/17,전시/16,피쉬/16,견과류/16,부산/16,바로/15,참여/15,의상/15,예절/15,염색/15,인천광역시/14,"
866,관광,봉일사지삼층석탑,인천 계양구 계양산로75번길 7-13,"백룡/108,삼층석탑/72,계양산/62,인천/55,사찰/40,계양구/36,일사/32,사지/28,대웅전/25,위치/20,석탑/19,계양산성/17,인천광역시/16,고려/16,계양/16,미륵/16,계산동/15,조선/15,기록/15,모습/15,공원/15,역사/14,현재/13,사가/12,복사/11,이웃/11,추가/11,본문/11,기타/11,기능/11,초기/11,바로/11,사의/11,문화재/11,사람/11,경인여대/10,원래/10,부평/10,지금/10,이용/9,하나/9,남쪽/9,창건/9,옥신/9,보완/9,입구/9,동쪽/9,극락전/9,코스/9,지역/8,"
867,관광,박정희 천연염색 체험장,인천 강화군 선원면 중앙로189번길 8-12,"공원/2744,축제/1841,마을/1811,단풍/1670,문화/1256,가을/1012,체험/968,도서관/905,대회/890,공연/713,전시회/640,코스모스/639,여행/544,박물관/539,음악회/525,페스티벌/495,행사/493,생태/492,시장/484,자전거/476,카페/452,마당/432,콘서트/427,걷기/372,야경/370,거리/365,시민/358,센터/358,예술/349,둘레길/330,캠핑장/323,국화/318,은행나무/316,전통/296,전국/279,정기/276,저수지/273,시립/267,어린이/263,청소년/262,장터/261,벽화/258,프로그램/252,연주회/252,미술관/248,아트/245,억새/233,대구/228,갤러리/224,서울/221,"
21,관광,부평도호부관아,인천 계양구 어사대로 20,"부평도호부/272,관아/197,건물/90,부평/87,계양구/83,인천/82,은지/69,어사대/68,계양/67,역사/59,도호/48,은행나무/47,문화재/45,초등학교/42,정조/41,문화/40,해설/36,모습/35,청사/33,부사/31,인천광역시/30,지금/30,부평향교/29,계산동/26,연못/25,조선시대/25,여행/24,선정/24,관람/23,문화원/23,현재/22,위치/22,방문/22,나무/22,추정/21,규모/20,비석/20,시간/20,추가/19,당시/19,전시/19,놀이/19,복사/18,이웃/18,본문/18,기타/18,기능/18,설명/18,향교/18,대해/18,"
868,관광,부평안전체험관,인천 부평구 굴포로 110,"체험/871,안전/362,부평/205,예약/183,아이/144,교육/139,지진/93,탈출/90,민방위/84,방법/69,시간/66,심폐소생술/55,상황/54,완강/53,엘리베이터/47,경사구조/46,인천/45,진행/43,안내/39,해상/38,다음/38,풍수/37,교육장/36,소화기/36,실제/35,생각/35,안전교육/34,생활/34,교통/34,화재/34,주차/32,사람/31,직접/30,확인/29,정말/29,부평구/28,지하공간/28,가능/28,어른/28,오후/27,대해/27,사용/27,비상/27,어린이/26,엄마/26,사항/26,설명/26,대피/26,건물/25,행동/25,"
869,관광,서해5도 수산물복합문화센터(수산물 판매장),인천 서구 정서진로 651 서해5도 수산물복합문화센터,"아라뱃길/164,수산물/156,서해/141,복합/122,문화센터/113,센터/82,수산/81,해산물/78,인천/61,대청도/55,포장/54,맛집/50,서구/46,횟집/45,정말/38,매운탕/37,추가/36,방어/35,판매/34,바로/32,편의점/31,가격/30,저희/30,정서진로/29,여기/29,검암역/27,시간/26,광어/26,모듬회/26,주차/25,연어/25,사진/24,가성/23,세트/23,멍게/23,진짜/23,주차장/22,새우/22,기타/21,인천광역시/21,가리비/21,공원/21,복사/20,이웃/20,본문/20,기능/20,오늘/20,방문/20,차박/19,생각/19,"
22,관광,부평향교,인천 계양구 향교로 19 부평향교,"부평향교/220,향교/145,대성전/71,계양구/61,건물/60,명륜당/60,위패/60,인천/57,교육/48,유생/48,공간/46,서무/42,서재/42,시간/37,행사/36,동무/36,계양/35,퍼스/33,컬러/32,체험/31,학교/30,우리나라/30,부평/29,축제/29,계산동/28,가족/28,제사/27,조선시대/25,지역/25,인천광역시/25,효자/25,기능/24,모두/24,진행/24,부평도호부/24,역사/23,이름/23,부스/23,부모님/23,성현/22,생각/22,나무/22,추가/21,지금/21,프로그램/21,관아/21,사진/21,문화원/21,복사/20,이웃/20,"
870,관광,서해안배연신굿 및 대동굿(국가무형문화재) 보유자(김금화),인천 미추홀구 매소홀로 599,"무형문화재/313,국가/289,행사/62,교육/61,문화/50,대동굿/48,박물관/48,서해안/47,보유/44,배연/41,김금화/38,공개/37,민속/36,마을/33,무료/32,서울특별시/28,판소리/26,경기도/24,기능/24,공연/24,극장/24,풍류/24,농악/24,전시/23,기획/22,황해도/22,신굿/21,문화재/20,민요/20,장구/20,경상남도/20,재청/19,자료/19,한국/18,사람/18,기타/17,국립/17,가치/17,제주/17,동물/17,승자/16,기원/16,두견/15,복사/15,이웃/15,추가/15,본문/15,수관/15,보존/15,대표/15,"
871,관광,소래철교,인천 남동구 장도로 86-18,"소래포구/279,인천/207,소래철교/190,어시장/101,남동구/79,소래/65,인천광역시/62,새우/55,논현동/50,시간/45,꽃게/41,야경/41,타워/40,포대/38,장도/35,열차/35,사람/35,코스/34,공원/34,여행/33,드라이브/32,풍경/32,맛집/31,오름/31,수인선/31,전통/31,모습/30,해산물/28,광장/28,소래역/27,협궤/27,여기/27,종합/26,포구/26,추가/25,바다/25,바로/25,철교/23,주꾸미/23,월곶/23,소래포구역/22,다리/22,다시/22,주변/21,전망대/21,복사/20,이웃/20,본문/20,기타/20,기능/20,"
23,관광,소래포구,인천 남동구 포구로 2-6,"소래포구/224,인천/84,횟집/69,새우/53,어시장/52,시간/49,남동구/47,소래역/47,수산/44,호텔/40,키즈/40,해산물/38,인천광역시/37,방문/37,카페/37,추가/33,소래포구역/33,바로/32,생각/31,식감/31,타워/30,전망대/29,저희/28,대게/28,정말/27,라마/26,예약/26,모습/26,초장/26,재생/25,종합/25,주차장/25,정도/25,킹크랩/24,날치/24,위치/23,마더/23,스룸/23,이용/22,꽃게/22,포토/22,다음/21,주문/21,하나/21,해남/21,복사/20,이웃/20,본문/20,기타/20,기능/20,"
872,관광,송도 코마린 이스트보트하우스,인천 연수구 컨벤시아대로 160,"보트/558,송도/315,하우스/155,마린/150,이스트/140,파크/123,센트럴/121,시간/80,인천/76,패밀리/59,연수구/57,탑승/53,자전거/40,아이/39,할인/38,인천광역시/34,대기/34,야경/33,이용/31,타고/30,가격/29,바로/28,데이트/27,매표소/26,저희/26,위치/25,구명조끼/25,저녁/25,우리/25,추가/24,사진/24,커플/23,날씨/22,여행/22,이웃/21,호텔/21,방문/21,주차/21,복사/20,본문/20,기타/20,기능/20,정도/20,생각/20,재생/19,사람/19,코스/19,인용/18,정말/17,여기/17,"
873,관광,인천국제공항,인천 중구 공항로 272,"인천/193,국제공항/188,이용/124,터미널/117,여행/113,주차장/105,주차/103,시간/98,공항/69,항공/67,비행기/61,여객/60,장기/55,인천공항/54,유럽/45,도착/44,아시아나/42,출국/38,체크/38,라운지/37,출발/36,기내식/36,여름/36,휴가/34,해외여행/34,대행/32,예약/32,탑승/31,요금/29,리튬/29,사람/29,배터리/28,추가/27,운송/27,인증/27,독일/27,체코/27,저희/25,사진/25,캐리어/24,서비스/24,정도/24,우리/24,기타/23,버스/23,생각/23,시작/23,제공/21,여권/21,복사/20,"
24,관광,강화 청련사,인천 강화군 강화읍 고비고개로188번길 112,"청련/241,려산/184,강화/147,진달래/101,정상/70,강화도/61,사찰/60,코스/57,군락/43,법당/41,여행/39,등산/39,강화군/36,백련사/35,축제/34,느티나무/34,연꽃/34,모습/26,인천광역시/25,인천/25,데크/25,주차장/24,국화/23,나무/23,사진/21,감로/21,추가/20,고려/20,자리/20,복사/19,이웃/19,본문/19,기타/19,기능/19,강화읍/19,위치/19,불교/19,시간/19,가을/18,다시/17,석사/17,하나/16,보호수/16,산행/16,인증/16,숯불/16,주차/15,가지/15,구경/15,갈비/15,"
874,관광,인천내항 사일로벽화,인천 중구 월미로 482,"인천/271,벽화/187,사일로/162,월미도/111,바다열차/84,내항/79,디자인/65,세계/48,거리/40,야외/38,바다/37,기네스북/34,문화/33,차이나타운/32,중구/31,그림/31,등재/30,공원/30,인천광역시/29,모습/27,곡물/26,창고/26,여행/25,높이/23,시설/23,타고/22,슈퍼그래픽/22,최대/21,기능/20,모노레일/20,전망대/19,저장/18,어워드/18,가장/18,산업/18,규모/17,사일/17,기록/17,사진/17,감상/17,교육/17,한국/16,복사/15,이웃/15,추가/15,본문/15,기타/15,공사/15,건물/15,위치/14,"
875,관광,강화산성 북장대,인천 강화군 강화읍 고비고개로282번길 48,"강화산성/162,강화/146,북문/124,북장대/116,강화도/81,고려/74,벚꽃/54,남장/50,성곽/48,역사/46,궁지/42,여행/39,모습/36,서문/35,코스/34,길이/32,남문/31,동문/30,강화읍/28,복원/27,진송/24,강화군/23,다시/23,인천광역시/22,돈대/21,기능/20,나무/20,생각/19,사진/19,산성/19,북산/19,여기/18,위해/18,추가/17,기타/17,복사/16,이웃/16,본문/16,위치/15,건립/15,몽골/14,지금/14,숙종/14,조금/14,대산/13,가장/13,누각/13,조선시대/13,보기/13,사적/13,"
547,관광,내동 성공회성당,인천 중구 개항로45번길 21-32,"성공회/151,인천/133,성당/128,교회/96,병원/58,건물/46,한국/44,양식/40,내동/39,조선/37,디스/36,주교/28,선교/28,건축/28,최초/27,여행/25,영국/22,사진/22,강화성당/22,박사/21,누가/20,인천광역시/19,신부/19,고요한/19,내동성당/19,드라마/18,역사/17,기능/17,복사/16,이웃/16,추가/16,본문/16,기타/16,문화/15,시작/15,개항/15,의사/15,선교사/15,전쟁/15,내부/14,촬영/14,현재/14,송학동/13,유형문화재/13,당시/13,바로/12,생각/12,중구/12,강화도/12,모습/12,"
25,관광,인천기상대,인천 중구 자유공원서로 61,"인천/165,기상대/79,관측/37,건물/27,기상/26,자유/20,측후소/19,현재/17,사용/16,계단/15,사람/13,중구/13,오포/13,사진/13,공원/12,응봉산/12,역사관/12,찰나/12,송월동/11,그림/11,마을/10,인천광역시/10,벽화/10,지방/10,우리나라/9,기상관측/9,정상/9,전시/9,역사/9,날씨/9,공개/9,박물관/9,동화/8,시작/8,원서/8,최초/8,청사/8,창고/8,모습/8,찾기/8,복사/7,이웃/7,추가/7,본문/7,기타/7,기능/7,제물포/7,바로/7,개항/7,일본/7,"
876,관광,교동도 망향대,인천 강화군 교동면 지석리 산129,"망향/231,교동도/228,시장/141,교동/124,여행/113,북한/104,강화도/103,강화/101,대룡/88,전망대/84,강화군/70,평화/67,인천/59,인천광역시/49,교동면/48,방문/46,모습/45,망원경/44,사진/42,바로/40,위치/38,주차/38,주차장/35,정말/35,정도/34,사람/34,고향/32,거리/32,교육/29,저수지/28,여기/27,실향민/27,카페/26,모노레일/26,무료/25,난정/25,서울/24,구경/23,코스/23,풍경/22,고인돌/21,기타/21,정원/21,복사/20,이웃/20,추가/20,본문/20,기능/20,생각/20,출입/20,"
877,관광,인천대교,인천 중구 인천대교고속도로 3,"인천/274,대교/159,영종도/62,전망대/47,송도/44,다리/41,통행료/40,도로/39,시간/37,인천대/36,영종대교/36,사람/35,파크/33,기념관/33,공원/30,여행/30,모습/28,추가/27,인하/27,우리/25,바다/25,영종/25,주민/25,고속도로/25,주탑/24,버스/23,센트럴/22,바로/22,사진/22,백운산/22,건설/22,인천공항/22,오늘/21,코스/21,복사/20,이웃/20,본문/20,기타/20,기능/20,이용/20,정도/20,공사/20,길이/20,무료/20,노을/20,생각/19,인천광역시/19,걷기/19,방문/19,랜드마크/19,"
26,관광,인천대교 전망대,인천광역시 연수구 송도동 30-9,"인천/292,대교/172,전망대/123,청량산/105,등산/65,송도/61,코스/41,기념관/39,정상/37,사진/31,인천대/30,바로/27,스코프/27,인천광역시/26,오션/26,연수구/25,파크/24,센트럴/23,영종도/23,박물관/23,모습/23,계단/23,시간/22,팔각정/22,생각/20,다리/20,일몰/19,교의/19,주차/18,시작/17,정말/17,이용/16,공원/16,주차장/16,상륙작전/16,야경/15,날씨/15,타워/15,바다/15,기능/14,처음/14,전망/14,복사/13,이웃/13,추가/13,본문/13,기타/13,정도/13,오늘/13,터널/13,"
878,관광,인천도호부관아,인천 미추홀구 매소홀로 553,"인천/419,관아/185,호부/163,향교/148,체험/82,도호/72,아이/65,사진/54,미추홀/42,건물/42,인천광역시/39,전통/36,시간/32,단풍/30,바로/29,모습/29,만들기/28,투썸플레이스/28,동헌/26,재현/25,부관/25,학점/24,기능/23,진행/23,사람/23,교육/23,여기/23,직접/22,객사/21,행사/21,관리/21,복사/20,이웃/20,추가/20,본문/20,기타/20,문학동/20,대성전/20,문화/20,시설/19,청사/19,소홀/19,위패/19,관람/18,주차/18,부사/18,자리/18,임금/18,조선시대/17,위치/17,"
879,관광,구) 일본우선주식회사 인천지점,인천 중구 제물량로218번길 3,"인천/169,건물/129,우선/107,일본/98,주식회사/92,지점/84,회사/55,근대/38,문화재/35,건축물/33,건축/33,개항/30,지금/28,시간/26,현재/26,사용/22,공간/21,우리/21,남아/20,우리나라/19,일대/19,해운/18,아트/18,인천광역시/17,해운업/17,등록/16,설립/16,건립/16,플랫폼/16,이후/16,때문/15,중구/14,역사/14,당시/14,독점/14,타일/14,지정/13,노란색/13,규모/12,미쓰비시/12,조선/12,추가/11,원형/11,시작/11,창고/11,관련/11,구성/11,기선/11,양식/11,문화/11,"
880,관광,인천역,인천 중구 제물량로 269,"인천/323,차이나타운/108,호텔/74,맛집/51,오피스텔/49,중구/45,파크/45,센트럴시티/41,바다열차/40,월미도/38,카페/37,하버/34,코아루/34,시간/32,여행/29,주말/29,아이/26,바다/26,거리/26,사진/26,인천광역시/26,개발/26,바로/25,연경/25,구경/24,베스트/24,키친/24,사람/23,벽화/23,웨스턴/23,위치/23,짜장/23,짜장면/23,추가/22,기능/22,볶음밥/22,정도/21,메뉴/21,복사/20,이웃/20,본문/20,기타/20,타고/20,공원/20,코스/20,중국/20,열차/19,우리/19,데이트/19,정말/19,"
881,관광,내리교회,인천 중구 우현로67번길 3-1,"내리교회/144,교회/128,인천/126,목사/77,자유/49,선교사/49,예배당/48,한국/47,아펜젤러/44,최초/43,선교/39,사랑/38,기독교/38,역사/36,주님/35,예배/33,성당/26,기념/25,시간/24,우리/24,건물/24,시작/24,생각/24,하나님/24,제물포/24,조선/24,영화/23,아이/23,학교/23,주년/21,교인/21,마을/20,사람/20,존스/20,버블/19,본문/18,감리교/18,설립/18,사진/17,복사/17,이웃/17,추가/17,기타/17,기능/17,윤이/17,중구/17,설교/16,공원/15,담임/15,부부/15,"
27,관광,인천 중구청(구 인천부 청사),인천 중구 신포로27번길 80,"인천/460,건물/121,개항/111,일본/105,청사/82,사용/79,중구청/70,은행/70,호텔/66,지점/62,중구/56,문화재/53,당시/52,건축/46,양식/46,근대/38,모습/37,대불/36,역사/35,이후/35,설치/34,현재/33,년대/33,사진/30,조선/29,인천광역시/28,지금/28,영사관/26,건축물/26,공원/26,조계지/26,전시관/25,문화/24,계단/23,최초/23,일본제/23,야행/23,시청/22,조계/22,거리/22,등록/21,제물포/21,위해/20,지붕/19,공간/19,외국인/19,신축/19,국가/18,시작/18,이야기/18,"
882,관광,인천우체국,인천 중구 제물량로 183,"인천/259,우체국/203,활용/72,건물/55,보존/52,시민/47,방안/44,계획/32,취득/31,추진/30,기능/24,문화재/24,예정/23,중동/23,소유권/22,기타/22,중구/22,교환/22,문화/22,마련/21,유형문화재/21,건립/21,충전기/21,복사/20,이웃/20,추가/20,본문/20,우정/20,상반기/19,사용/19,부지/19,올해/18,매입/18,재산/18,용역/18,전기차/18,사업/17,우편/17,전문가/16,의견/16,근대/16,수렴/15,공유/15,보수/15,공사/14,채용/14,수립/13,운영/13,관리/13,인천광역시/13,"
28,관광,인천항 갑문(인천항 갑문홍보관),인천 중구 월미로 376,"인천/256,갑문/226,홍보/116,물류/35,선박/32,항만/31,시간/30,월미도/29,현장/27,사진/23,견학/22,방문/20,직접/20,해양/19,설명/19,여행/19,공사/19,화물/19,전망대/18,모습/18,시설/18,운영/18,국제/18,기타/17,인천광역시/17,포토/17,컨테이너/17,복사/16,이웃/16,추가/16,본문/16,기능/16,대해/16,선장/16,센터/16,상륙작전/15,관람/15,항의/15,체험/15,아카데미/15,부두/15,중구/14,우리/14,생각/14,창고/14,취업/14,최대/14,대장정/13,청년/13,규모/12,"
883,관광,도래미마을,인천 강화군 선원면 해안동로 1129-19,"마을/189,체험/120,래미/103,강화/68,강화도/61,여행/55,만들기/48,농촌/46,도래/43,인천/43,강화군/40,스테이/35,시간/29,저희/28,추가/27,고구마/24,소개/23,기타/20,선원면/20,프로그램/20,순무/20,예약/20,복사/19,이웃/19,본문/19,기능/19,인천광역시/19,해안동/18,센터/18,방문/18,카페/18,으뜸/17,교류/17,김치/15,관광/15,사진/15,활동/15,위치/15,대해/15,이용/15,생각/14,문의/14,방직/14,안내/14,역사/13,운영/13,식당/13,책방/13,정말/13,대하/13,"
