검색어,내용
돈비어천가,"언어를 선택해주세요.한국어ENG中文日本語식신 대한민국 NO.1 맛집 서비스로그인0맛집 찾기테마마켓돈비어천가 4.2HOT부드러운 육질의 숯불 돼지갈비623834좋아요즐겨찾기리뷰쓰기공유하기좋아요를 취소하셨습니다. 즐겨찾기에 추가하였습니다.즐겨찾기를 취소하였습니다.중구-동인천/차이나타운/월미도 주변 가까운 맛집원조신포닭강정 4.1중구-동인천/차이나타운/월미도#1신승반점 4.4중구-동인천/차이나타운/월미도#2공화춘 4중구-동인천/차이나타운/월미도#3만다복 4.2중구-동인천/차이나타운/월미도#4홈주소리뷰매거진블로그돈비어천가 영업시간매일11:30 ~ 22:30OPEN메뉴왕갈비 300g18,000 원목우촌생삼겹 170g18,000 원버섯불고기+밥17,000 원육회 200g30,000 원등심 180g45,000 원차돌 150g30,000 원주소인천광역시 중구 개항로 53-1 지번인천광역시 중구 내동 205-1전화번호032-777-1300길찾기식신 리뷰(6)리뷰 작성이 가게를 추천하시겠어요?포크를 클릭하여 매장을 평가해보세요.매장에 대한 리뷰를 작성해보세요.(필수)등록571135 5더보기신고우리집은 여기만 갑니다. 
양도 많고 반찬도 많고 좋아요👍줄줄이비엔나 2.5더보기신고여기는 참 편한게 가만히 있으면 사장님이나 이모분들이 오셔서 다 구워주세요.

딱 알맞게 구워주시고 드시면됩니다~라고 하시자 마자 폭풍 젓가락질!!!!!471533 5더보기신고한쪽엔 어린이들 놀이방이 있어요.

어린 꼬마애들이 밥 다 먹고나서 놀이방가서 금방 친해져서 잘 놀더라구요.

가족분들 오시면 정말 만족하실 거 같아요ㅎㅎ

나마스떼 3더보기신고시키자 마자 밑반찬들이 쭉 나오기 시작하네요.

종류만 12가지 정도 되는거 같아요. 채소들도 나오고 양념게장,옥수수콘,단호박,묵무침,계란찜 등 엄청 푸짐하게 나왔어요리뷰 더보기 +신고하기 신고 사유 (필수)신고 접수매거진차가운 육수에 찍어 호로록~ 무더위 이기는 여름철 최고의 별미 냉모밀 맛집 베스트 5곱창이 만들어내는 맛의 하모니, 서울 곱창전골 맛집 5곳시원한 동해안 여름휴가! 놓칠수 없는 막국수 맛집 베스트 5생방송투데이x식신 빅데이터 맛집-순대국달콤하게 녹아내리는, 수제 케이크 맛집 BEST 5블로그 리뷰5지구 종합상가 대장장이 한칼, 인천시 내동 돈비어천가org/ 청춘시대  칼 갈아주는 대장장이 < 한칼 대구점 > 대구광역시 중구 큰장로26길 6... 돈비어천가 > 인천광역시 중구 개항로 531 (지번) 인천시 중구 내동 2054 ☎ 0327771300 * 영업시간... 2023.01.11 (수요일)돈비어천가 중구 내동 한식 | 동네맛집돈비어천가 돈비어천가은(는) 중구 내동에 위치합니다. 한식 업종 사업자입니다. tel. 032·777... 인천광역시 중구 개항로53번길 10, 1~2층 (내동) 지번 인천광역시 중구 내동 204 1~2층2023.05.19 (금요일)돈비어천가 중구 내동 한식 | 페이퍼돈비어천가 돈비어천가은(는) 중구 내동에 위치합니다. 한식 업종 사업자입니다. tel. 032·777·1300 매장크기 : 429.52m² 오픈날짜 : 1974. 06. 17 (48년 11개월 경과) last updated : 2022. 01. 23 kakaotalk naver... 2023.05.20 (토요일)리뷰 더보기+매장소개1984년 ‘태능갈비’로 시작하여 2002년에 ‘돈비어천가’로 개명하여 운영하고 있는 곳으로, 명칭 및 마크 도안의 특허를 취득 하는 등 지속 가능한 발전을 위해 힘쓰고 있는 곳입니다. 숯불에 구워 쉽게 탈 수 있는 돼지갈비의 조리 특성상, 최상의 품질을 위해 종사자가 직접 조리하여 고객에게 최상의 맛을 선보이고 있습니다. 양념이 자작하게 스며들어 육질이 부드러운 것이 이곳 돼지갈비의 특징입니다. 넓은 주차 공간과 어린이 놀이시설을 보유하고 있으니 방문에 참고 바랍니다. 또한 매출액의 5%를 적립하여 재방문 고객에게 되돌려주는 방식의 고객카드제를 실시하고 있습니다.매장부가정보매장부가정보매장소개1984년 ‘태능갈비’로 시작하여 2002년에 ‘돈비어천가’로 개명하여 운영하고 있는 곳으로, 명칭 및 마크 도안의 특허를 취득 하는 등 지속 가능한 발전을 위해 힘쓰고 있는 곳입니다. 숯불에 구워 쉽게 탈 수 있는 돼지갈비의 조리 특성상, 최상의 품질을 위해 종사자가 직접 조리하여 고객에게 최상의 맛을 선보이고 있습니다. 양념이 자작하게 스며들어 육질이 부드러운 것이 이곳 돼지갈비의 특징입니다. 넓은 주차 공간과 어린이 놀이시설을 보유하고 있으니 방문에 참고 바랍니다. 또한 매출액의 5%를 적립하여 재방문 고객에게 되돌려주는 방식의 고객카드제를 실시하고 있습니다.지역인천> 중구-동인천/차이나타운/월미도업종한국음식 > 돼지구이편의/시설Take out예약 가능음료/주류맥주, 소주공유하기카카오스토리페이스북URL 복사All the information around me회사 소개서비스 소개광고 및 제휴다이닝카드개인정보처리방침이용약관도움말공지사항채용공고Follow 식신식신(주)대표자 안병익서울특별시 강남구 테헤란로8길 16, 9층 (지희빌딩)사업자등록번호 214-88-59748TEL 1577-3957FAX 02.533.1909EMAIL info@siksinhot.comCopyright (c) SIKSIN. All Rights Reserved."
돈비어천가,"본문 바로가기



블로그





카테고리 이동




友雅美의 건강한 旅行. 행복한 상차림






검색
MY메뉴 열기













전국 맛있는 집

신포동 맛집 돈비어천가 고기가 생각나는날 달려가는 그 곳 갈비도 먹고 여행도 하고 .






도덕쌤

2020. 2. 14. 13:51


 이웃추가


본문 기타 기능



본문 폰트 크기 조정
본문 폰트 크기 작게 보기
본문 폰트 크기 크게 보기
가






 공감하기





공유하기 
URL 복사 
신고하기 







﻿  ▲봄을 재촉하는 날 친구와 발걸음 한 인천 신포국제시장 주변으로 일본, 중국, 서양의 문화가 공존하는 곳이다. 주변에 인천 유공원과 차이나타운으로 알려진 원조 자장면 거리로 자장면 박물관이 있고 일본 조계지인 개항장이 위치해 있다. 이곳에서 가까운 월미도까지 여행할 수 있으니 수도권에서 전철을 이용하여봄맞이 당일여행지로 인 이만한 곳은 전국 어디에도 없을 듯하여 인천을 택하고 달려간 곳이 신포국제시장이다. 당일 여행을 하고 싶다면 이곳 신포국제시장에서 믿고 먹을만한 음식점으로 1974년에 태능 갈비로 시작하여 한 곳에서 45년 전통으로 이어져 내려오는 동 인천 맛 집 돈비어천가에서 식사를 한다면  인천여행의 정석이 되지 않을까? 하는 끝판왕으로 엄지 척 올려줄 수 있다.도착한 시간이 점시 시간이라  신포지하상가 24번 출구에서 나와 바로 앞에 있는  돈비어천가란 돼지갈비전문점으로 향했다. 신포시장 맛집으로 소문난 돈비어천가는 45년 전통을 가진 100년 가게로 지정되었고 한다. ▲인천 신포동 맛집 돈비어천가 돼지갈비 비주얼 돼지갈비는 천연재료인 과일과 생강 등을 베이스로 한 특제 양념소스로 잡내를 없앴다고 한다.3살짜리 아이도 부담 없이 먹을 수 있을 만큼 육질이 연하고 부드러워 치아가 약한 부모님과 함께 발걸음 해도 좋은 그런 음식점이 바로 이곳 신포국제시장 돈비어천가를 엄지척 높게 올려본다.​​ ▲신포동 맛 집 돈비어촌가의 한상차림은 이렇다. 부모님 또는 아이와 함께해도 매우 좋 식단의 구성이다.모두 이곳 사장님의 손맛을 오롯이 담긴 밑반찬과 건강을 생각하는 즉석에서 조리하여 제공이 되는 음식들로 가득하다.누구나 좋아하는 계란찜과, 귀한 홍어 무침, 아삭한 식감의 채소 샐러드, 콘치즈구이, 무장아찌, 연근 피클, 감자샐러드, 그리고 고기와 카레가루로 부쳐낸  고기카레부침개까지 손님상을 위한 상차림으로 나무랄 대가 없다.▲인천광역시 나트륨 저감 없소나트륨 과다 섭취로 성인병 예방을 위하여 돈비어천가를 찾는 고객들을 위해 이곳 신포국제시장 돈비어천가는 나트륨 섭취 줄이기 캠페인에 앞장서고 있는  백년가게로 인정받은 곳으로고객의 건강까지 염려하는 믿음 가는 곳 중 대표적인 곳이다. ▲1층 홀▲2층 대형 홀 . 2층은 신발 보관함장이 따로 구분되어있었고 단체손님들에게 빠른 음식제공을 위해 주방이 별도로 있다.200여명이 넘는 인원이 한번에 들어설 수 있는 만큼 넓은 회식장소가 필요하다면 띠리링 전화해 보면 좋을 것 같다.  ▲이곳 신포동맛집인 돈비어촌가 총 250여 석을 갖추고 있다. 1층에 90석이 넘는 홀과  2층의 100여석 이상을 갖춘  대형룸이 자리하고 있어연말 회식이나 부모님 생신과 각종 피로연으로 활용해도 좋을 것 같다.어린이 놀이방을 갖추고 있어 아이와 함께 방문한 고객도 안심하고 식사할 수 있으니오는 3월의 친구 모임은 2층에서 하는 것으로 낙점했다.이제 할머니로서 손주를 돌보는 시니어가 된 우리를 위한 그런 돈비어천가 환영한다.인천지역의 근현대사를 돌아볼 수 있으니 멀리 여행을 떠나지 않아도 좋을 것 같고 이동 경비까지 절감할 수 있을 것 같아서다.짠순이답게 경비 절약하여 맛 좋은 갈비를 좀 더 먹을 생각이다. 어때? 정말 좋은 생각이지.... ​▲​누구나 모두 좋아는 보들보들 야들야들한 계란찜은 나 혼자 독차지했을 만큼 맛이 좋았다. 게란ㅉ삠 역시 간이 슴슴하여 맨입으로 한뚝배기를 몽땅 먹어도 맛나게 즐길 수 있다.\▲이제 본격적으로 45년 전통 백년가게인 신포국제시장 돈비어천가에서 제대로된 갈비맛 좀 볼까나?..과일과 생강 등 천연재료들을 베이스로 하여 숙성시켜 잡내를 제거했다는 돼지갈비는 건강한 인천광역시 맛 집으로 지정되었다는  동인천 돼지갈비맛은 어떨까? 매우 궁금해...    ▲사장님이 직접 담갔다는 반찬들은 정갈하고 정성이 들었다는 것을 짐작하게 한다.유자청으로 맛을 더한 연근피클과 단짠단짠 새콤한 맛이 일품인 무장아찌. 아삭함이 살아있는 신선한 채소샐러드 , 감자샐러드, 고기카레부침개, 콘치즈구이가 올려지는데 어느 것 하나 소홀함을 찾을 없었다.이중 홍어무침이 나의 입맛을 사로잡았다. 이 홍어무침은 항상 제공되는 것인지는 확인하지 못했다. 어느 음식점이든 게절에 따라 올려지는 반찬이 달라지게 마련. 참고하기를 바람.​​​​​​​​  ▲숯불에 노릇노릇하게 익어가는 신포동맛집.  술 (酒)을 부르는 돈비어천가  돼지갈비. 음식은 눈으로 먼저 먹고 귀로 그리고 입으로 먹는다는 말이 딱 맞는 듯하다.구수한 참숯향이 나의 모든 촉각을 잠에서 깨우는 듯하여 익기도 전에 벌써 젓가락부터 집어 들게 했다.인천으로 여행 계획을 세운 이웃들에게 망설임 없이 추천해도 좋겠다란 생각이 드는 흔치 않은 돼지갈빗집 신포맛집 돈비어천가 이번엔 친구와 함께했었지만 다음엔 가족들의 외식장소로 1순위에 올려두었다.6살짜리 손자 녀석과 함께해도 좋은 음식점이기에 망설임 없이 찜...       ▲업체로 부터 식사를 제공받고 주관적인 맛이야기를 담았음참으로 착한 가격으로 식사를 즐겼던 인천 신포국제시장으로의 봄맞이 여행은 역시 맛있는 음식점을 제대로 선점했다는 것이 큰 몫을 찾지 한 것 같다.넓은 홀과 분위기 좋은 맛집에서 즐기는 식사는 음식의 맛을 배가시켜준다.맛있게 갈비를 뜯고 후식은 냉면을 주문하여 입가심하면 된다. 냉면만 먹으면 7,500원이지만 갈비와 함께 냉면을 주문하면  오천원에 냉면을 맛볼 수 있다.또한 셀프서비스로 커피가 제공되며 만약 매실차를 마시고 싶오 주문하게 되면  예쁜 도자기 컵에 담아준다.분명 영수증을 찍어두었는데 사진을 찾을 수가 없다. 어찌 되었든 착한 가격의 동인천 맛집 신포동 돈비어천가에서의 맛있는 돼지갈비맛은 잊히지 않을 것 같아조만간 가족과 함께 다시 찾을 생각이다.   ▲인천광역시에서 인정한 맛집. 모범음식점으로 선정 되었으며각족 매체에서도 추천하고 소개되었을 정도로 유명하여 믿고 찾을 수 있는 음식점이란다.한 곳에서 45년의 역사를 만들어온 갈빗집으로 태릉 숯불갈비와 함께 운영되는 곳이기도 하다. 꽤 잘라가는 사람들의 모임인 라이온스클럽 회원사다.  ▲





돈비어천가
인천 중구 동인천동

전화




{mapId: ""bl01113972498"", placeId: ""16358067"", type:""1"", title:""돈비어천가"", pointX:278892,pointY:542041} ▲동인천역에서 지하상가를 따라 신포국제시장쪽으로 걸어와 24번 출구로  나오면 바로 옆에 위치하고 있어찾느라 헤매지 않아도 된다.인천광역시 중구 우현으로 67번 길 67-7(내동 203-1)동인천역 24번 출구 Tel; 032-777-1300Fax ; 032-762-1216건물 뒤편으로 돈비어천가의 무료 전용주차장을 이용하면 된다.오픈 오전 11시~ 오후 10시까지 운영한다.​



#신포동맛집
#동인천맛집
#신포국제시장맛집
#신포돈비어촌가
#신포동맛집돈비어촌가
#동인천돼지갈비
#신포동갈비맛집
#신포동회식장소
#동인천연말허ㅚ식
#인천모임장소
#인천직장회식장소
#각종연회장소
#인천동문회회식장소















공감한 사람 보러가기




댓글 8

공유하기











도덕쌤
국내여행
* 서로이웃은 친해진 뒤에..

인천블로그. 강진블로그.강화나들길.코리아둘레길.두루누비.걷기챌린지 활동으로 건강고 재밌는 일상을
 보냈음..

친구를 사귀되 내가 이롭기를 바라지 말라.
내가 이롭고자 하면 의리를 상하게 되나니.
그래서 성현이 말씀하시되 
「순결로써 사귐을 길게 하라.」하셨느니라.
〈寶王三昧論〉







이웃추가









이 블로그 
전국 맛있는 집
 카테고리 글










이전
이전
다음
다음





{""title"":""신포동 맛집 돈비어천가 고기가 생각나는날 달려가는 그 곳 갈비도 먹고 여행도 하고 ."",""source"":""https://blog.naver.com/flyseohan/221808785524"",""blogName"":""友雅美의 .."",""blogId"":""flyseohan"",""domainIdOrBlogId"":""flyseohan"",""logNo"":221808785524,""smartEditorVersion"":2,""meDisplay"":true,""lineDisplay"":true,""outsideDisplay"":true,""cafeDisplay"":true,""blogDisplay"":true}

 맨 위로



PC버전으로 보기







닫기


카테고리


 이 블로그 홈








 


이 블로그 
전국 맛있는 집
 카테고리 글










이전
이전
다음
다음















공감한 사람 보러가기



댓글 8

공유하기








도덕쌤(flyseohan)
님을 이웃추가하고 새글을 받아보세요



취소
이웃추가"
돈비어천가,"상단영역










2023-08-13 17:26 (목)




로그인
회원가입
실시간보도자료










지역뉴스 핫라인
				Local news Hotline
			















기사검색

검색










전체메뉴



전체기사




한국-인천뉴스


정치


경제


사회


따듯한 세상만들기




한국人 심층 인터뷰




기획·특집·단독


정치


경제


사회




오늘의 한국


정치


경제


사회




오피니언


김주필 칼럼


논설주간 박현순의 일필휘지


김남기의 시선(視線)


법무사 이강원의 '생생' 리포트


용혜랑의 동네방네


김일권의 재테크 이야기


류문 시인의 인천 땅거미


김호선 기자의 산따라 물따라 길따라


김진호 화백 한국만평


이정규의 맛집·멋집


독자 기고




한국여행




CMS후원하기











다국어 서비스(Multilanguage)






















본문영역




























이전 기사보기
다음 기사보기




[한국人] 태능갈비를 아시나요? '반백년 한결같이' 인천 중구 맛집 '돈비어천가'


바로가기
복사하기
본문 글씨 줄이기
본문 글씨 키우기






스크롤 이동 상태바








현재위치

 홈
한국-인천뉴스
한국人 심층 인터뷰


[한국人] 태능갈비를 아시나요? '반백년 한결같이' 인천 중구 맛집 '돈비어천가'





기자명 
					김종국 기자				
 입력 2021.04.02 17:59


 수정 2021.04.02 17:59
 댓글 0




바로가기
복사하기
본문 글씨 줄이기
본문 글씨 키우기















SNS 기사보내기

페이스북(으)로 기사보내기


트위터(으)로 기사보내기


카카오스토리(으)로 기사보내기


카카오톡(으)로 기사보내기


네이버밴드(으)로 기사보내기


네이버블로그(으)로 기사보내기

이메일(으)로 기사보내기
다른 공유 찾기
기사스크랩하기
 



이 기사를 공유합니다




페이스북(으)로 기사보내기


트위터(으)로 기사보내기


카카오스토리(으)로 기사보내기


카카오톡(으)로 기사보내기


네이버밴드(으)로 기사보내기


네이버블로그(으)로 기사보내기





닫기





이현희 대표, 1984년부터 37년 한 자리에서 '豚' 사랑




인천시 중구 내동에 위치한 돈비어천가 이현희 대표. (사진=한국뉴스)


[한국뉴스 김종국 기자]  인천 개항의 역사가 살아 숨쉬는 중구 내동 신포국제시장에는 1984년부터 37년을 한 자리에서 장사해온 맛집이 있다.
'돈비어천가'가 그 주인공이다.
1974년 '조선옥'이라는 가게를 이현희 돈비어천가 대표의 시아버지가 1984년에 인수해 '태능갈비'로 명칭을 바꾸면서 명성을 날리기 시작했다.
태능갈비하면 숯불 갈비다.
이후 시아버지가 돌아가시고 2003년 돈비어천가로 가게 이름을 개명하고 이 대표가 이어받아 현재까지 장사해 오고 있다.
이현희 대표를 만나 '백년가게'의 영예를 안은 돈비어천가에 대해 들어봤다.
우리는 흔히 어떤 대상을 찬양하는 태도를 조선시대 서사시인 용비어천가(龍飛御天歌)를 빗대어 말한다.
이를 응용해 '돼지갈비가 으뜸'이라는 의미로 이 대표의 가게은 돈비어천가(豚飛御天歌)가 됐다.
돈비어천가는 지난 2019년 중소벤처기업부로부터 '백년가게'로 선정됐다.
반세기를 주인이 바뀌지 않고 변함없는 맛을 그대로 유지하고 있기로 유명하다.
그 비결은 무엇일까.
이현희 대표는 ""시아버지와 시어머니(박승숙 전 인천 중구청장)가 이곳을 운영하다가 어머님이 공직에 진출하게 되면서 며느리인 제가 바통을 이어받았다""고 운을 뗐다.
돈비어천가는 가장 인기 있는  '돼지왕갈비'와 '목우촌생삽겹살'을 최상급 '으뜸' 브랜드를 사용해 타 업소와 차별화하고 있다.
이 대표 역시 가게 대대로 내려오는 전통을 지키기 위해 처음부터 끝까지 일일이 구워주고 세심하게 발라주는 서비스를 몸소 실천하고 있다.
또 넓은 주차 공간과 어린이 놀이시설을 보유하고 있어 고객 편의성을 높였다.
남편인 임원경 인천대 산학협력중점교수는 학교일을 끝내는 대로 가게를 찾아 힘든 아내를 돕우며 일손을 보태고 있다.


인천시 중구 내동에 위치한 돈비어천가. (사진=한국뉴스)


단골손님들이 얘기하는 돈비어천가의 매력은 무엇일까.
이 대표는 ""최근 고기집들이 인건비가 비싸지고 경쟁을 치열하다 보니까 공장에서 만들어진 고기를 사다 파는 경우가 많아졌다""며 ""저희 가게는 예전부터 현재까지 직접 고기를 만들고 있다""고 말했다.
그는 ""인건비가 비싸서 가끔 사다가 팔까하는 유혹도 받고 있지만 '다른 집 고기는 못 먹겠다'고 말씀하시는 손님들을 위해서 전통과 고집을 계속 지켜나고 있다""고 했다.
이는 돈비어천가가 자연스럽게 다른 집들과 차별화되고 특별한 맛을 지니게 된 배경이다.
이현희 대표는 "" 숯불에 구워 쉽게 탈 수 있는 돼지갈비의 조리 특성 상, 최상의 품질을 위해 직원들이 직접 조리해 손님에게 최상의 맛을 선보이고 있다""며 ""양념이 자작하게 스며들어 육질이 부드러운 '우리만의 갈비'를 제공하는 것이 이곳 돼지갈비의 특징""이라고 했다.
돈비어천가가 중소벤처기업부의 '백년가게'에 선정된 저력은 또 어디에 있을까.
이 대표는 ""업력이 30년 이상 된 업체라고해서 다 백년가게에 선정되는 것이 아니다""라며 ""주위의 추천도 받아야 하고 식당 위생시설도 우수해야 하는데다가 제제를 받은 적이 없어야 한다""고 설명했다.
이 대표는 무엇보다 가장 중요한 것은 '성장가능성'이라고 강조했다.
돈비어천가는 또 매출액의 5%를 적립해 재방문 고객에게 되돌려주는 방식의 고객카드제를 실시해 호평을 받고 있다.


이현희 돈비어천가 대표가 손님들을 위해 갈비를 직접 굽고 있다. (사진=한국뉴스)


그럼에도 불구하고 코로나19 시대에는 유명한 백년가게를 운영하는 이 대표도 어려움에 처해있다.
돈비어천가도 코로나19 직격탄을 피하지는 못했다고 설명했다.
이현희 대표는 ""이번에 정말 많이 까먹었다""며 ""특히 지난 연말 단체손님들을 못 받아서 큰 피해를 봤다""고 말했다.
이 대표는 ""이런 비대면 시대에는 매출 하락을 보완할 수 있는 길을 찾아야 했고, 배달 서비스가 적합하다고 판단해 배달사업을 시작했다""고 했다.
그는 ""배달을 시작한지 얼마 되지는 않았는데 생각보다 반응이 좋았다""며 ""특히 오프라인 매장 단골들이 배달앱에 올라오는 것을 보고 많은 주문해주셔서 큰 도움이 되고 있다""고 했다.
이 대표는 코로나19를 극복하고 비대면 4차 산업시대에도 소상공인, 자영업주들이 희망을 잃지 않도록 정부와 지자체의 지원이 필요하다고 지적했다.
이현희 대표는 ""대다수 소상공인들이 경제가 어려워 고생을 많이 하고 있다""며 ""이럴 때 일수록 희망을 잃지 않고 적극적으로 길을 찾아 나갈 수 있도록 정부나 인천시에서 재기 지원에 힘을 써 줬으면 좋겠다""고 했다.
그는 ""시대적 추세인 온라인 홍보가 파급효과가 제일 크지만, 소상공인들이 이에 대한 지식과 기술이 부족한 경우가 많다""며 ""네이버 ‘모두’나 유튜브, 블로그, 리뷰 등 소상공인들이 온라인을 잘 활용하고 온라인 문화가 정착될 수 있도록 충분한 교육지원이 필요하다""고 말했다.
  





관련기사

깜상네･인현통닭삼계탕･단골식당･락캠프･샤론한복･영광상회, 인천지역 '백년가게' 선정



키워드
#태능갈비 돈비어천가
#인천 중구 신포시장 돼지갈비
#백년가게 돈비어천가





김종국 기자
jayzaykim@naver.com



다른기사 보기 



저작권자 © 한국뉴스 무단전재 및 재배포 금지






























댓글삭제

			삭제한 댓글은 다시 복구할 수 없습니다.
			그래도 삭제하시겠습니까?
		













비밀번호







 삭제





닫기








기사 댓글
0 
댓글 접기








댓글 내용입력


0 / 400
















  

비회원 로그인

이름



비밀번호






댓글 내용입력


0 / 400
 등록










댓글쓰기

				계정을 선택하시면 로그인·계정인증을 통해 댓글을 남기실 수 있습니다.
			




회원 로그인
비회원 글쓰기





이름









비밀번호









자동등록방지















 확인
 취소







로그인 옵션 창닫기















당신만 안 본 뉴스





'특혜 시비' 송도 R2블록, 제안공모 추진하며 주민의견 수렴







계양테크노밸리, 공장･물류창고로 채워지고 철도도 없어...서둘러 개선돼야







인천공항~여주 잇는 GTX-D Y자노선, 경제성 '충족'...B/C 1.18







인천 무량판 34개 아파트 조사 中, 보수·보강 시공사가 비용 부담...조례로 아파트 품질점검 3회 확대







철수한 잼버리 스카우트 대원 4300명, 인천에서 즐긴다







인천, '잼버리 철수' 스카우트 대원 맞을 본격 채비...체험･관광･시티투어 제공






주요기사





1944년 인천 송현초 여학생 13명, 日 정신근로대 강제동원 사실 밝혀져







[한국만평]  개항 140주년 인천 내항 시민의 품으로







'순살 아파트' 이한준 LH 사장 “임원 전부 사퇴…제 거취도 정부에""







인천 잼버리 대원 3천명, 상암월드컵경기장 폐영식･K-팝 콘서트장으로 이동...12일에도 프로그램 지원







인하대병원 연구팀, NASA 산하 조직과 인지기능 저하 기전연구







[김남기의 시선] 김은경 혁신안 적용하면 당대표가 바뀐다?
















베스트 클릭


 1


검단시민연합, 서울5호선 검단･김포연장선 '인천시안' 외 절충안 주장 ""안돼""




 2


[제임스김 시사&생활영어]  칼부림에 온 나라가 흉흉하다




 3


'특혜 시비' 송도 R2블록, 제안공모 추진하며 주민의견 수렴




 4


서구 가정동 LH임대아파트 철근 누락...시의회가 직접 챙기겠다




 5


[김주필 칼럼] 최장 왕조는 명을 다했다, 삼강오륜으로 돌아갈 순 없다







최신뉴스





1944년 인천 송현초 여학생 13명, 日 정신근로대 강제동원 사실 밝혀져







[한국만평]  개항 140주년 인천 내항 시민의 품으로







'순살 아파트' 이한준 LH 사장 “임원 전부 사퇴…제 거취도 정부에""







인천 잼버리 대원 3천명, 상암월드컵경기장 폐영식･K-팝 콘서트장으로 이동...12일에도 프로그램 지원







인하대병원 연구팀, NASA 산하 조직과 인지기능 저하 기전연구







[김남기의 시선] 김은경 혁신안 적용하면 당대표가 바뀐다?







김진용 인천경제청장, 내년 총선 대비 조직정비 ""사실무근"" 부인

























하단영역







하단메뉴
매체소개
독자편집위원회
여성기자단
윤리강령
기사제보
광고문의
이용약관
개인정보처리방침
청소년보호정책
저작권보호정책
이메일무단수집거부




매체정보

법인명 : (주)한국뉴스
제호 : 한국뉴스
등록번호 : 인천 아 01017
등록일 : 2009-05-15
발행일 : 2009-05-15
대표이사 : 이정규
발행·편집인 : 양다겸
인천광역시 남동구 선수촌공원로23번길 11 제203-1호
대표전화 : 070-5099-1560
팩스 : 0504-339-7111

청소년보호책임자 : 김종국
한국뉴스 모든 콘텐츠(영상,기사, 사진)는 저작권법의 보호를 받는 바, 무단 전재와 복사, 배포 등을 금합니다.
Copyright © 2023 한국뉴스. All rights reserved.     E-mail : 24newskr@naver.com










위로 





전체메뉴


전체기사

한국-인천뉴스

전체

정치 

경제 

사회 

따듯한 세상만들기 

한국人 심층 인터뷰 

포토뉴스 



오늘의 한국

전체

정치 

경제 

사회 



기획·특집·단독

전체

정치 

경제 

사회 



오피니언

전체

김주필 칼럼 

논설주간 박현순의 일필휘지 

김남기의 시선(視線) 

법무사 이강원의 '생생' 리포트 

용혜랑의 동네방네 

김일권의 재테크 이야기 

류문 시인의 인천 땅거미 

김호선 기자의 산따라 물따라 길따라 

김진호 화백 한국만평 

이정규의 맛집·멋집 

독자 기고 

James 시사&생활영어 





전체메뉴닫기"
돈비어천가,"본문 바로가기



블로그





카테고리 이동




귀여븐 수댕이네 ♥ (댕스플라워케이크)






검색
MY메뉴 열기













인천맛집

[동인천고기집/신포동맛집] 신포동 돈비어천가에서  돼지갈비 냠냠 ♩






수댕이

2016. 10. 31. 13:18


 이웃추가


본문 기타 기능



본문 폰트 크기 조정
본문 폰트 크기 작게 보기
본문 폰트 크기 크게 보기
가






 공감하기





공유하기 
URL 복사 
신고하기 







      식구가 많지도 않은 세식구인데   요즘 세식구 함께 밥먹기도 시간 맞추기가 힘들어요.   저도 일하는 워킹맘이고    신랑도 일이바뻐 매일 잔업에 주말에도 일을 나가는날이 많고 ,   딸램은  공부방에서 저녁까지 해결을 하고 오니깐요...;;   주중에 어렵게 세식구가 시간이 맞은날    올만에 외식을 하러 집근처 신포동  돈비어천가에 다녀왔어요.                ​  신포동 로데오 거리에 있는    돈비어천가는 40년 역사를 가진 신포동 고기집이랍니다.   갈비외에도 삼겹살이나, 불고기 , 한우 ,갈비탕 ,냉면등   여러가지 메뉴가 있어    가족외식장소로 인기가 많은 곳이랍니다.        ​ ​           저희는  초딩이 가장 사랑하믄    돼지갈비로 초이스~!         ​ ​              ​ ​숯불이 들어오고  이제 맛나게 구워줄 시간이지요~~~ㅎㅎ      ​ ​             고기가 구워질 동안  밑반찬이 차려지는데    손이가는 반찬도 많고 맛도 다 좋더라구요 ㅎㅎㅎ      ​ ​            특히 갈비집 가면 찾게되는 양념게장~!!! 동인천고기집 돈비어천가에서 만나게되서 어찌나 방갑던지 ㅎㅎ   거기다 맛도 최고라    배서방이랑 둘이 계속 리필했어요 ...ㅋㅋㅋㅋ      ​ ​        샐러드나 김치만 있음 아이들먹기는 좀 그런데   따끈한 계란찜도 기본으로 나오고    튀김과 콘치즈는 초딩이  바로 찜~ ㅋㅋㅋ              ​ ​             밑반찬 이것저것 먹다보니 노릇노릇 맛나게 익어가는 돼지갈비~!!!     동인천고기집 돈비어천가는    갈비를 직접  구워주신답니다.     혹여나 탄부분이 생기면 하나하나 깨끗하게 정리해주시면서    맛나게 구워주셔서 저희는 먹기만하면 되요 ㅎㅎㅎ      ​ ​                으힛~!!   드됴 완성된 맛깔난 돼지갈비의 자태~!!     진짜 윤기 좔좔하게 맛나게 구워주셨네요 ㅎㅎㅎ     ​ ​           잘구워진 갈비는  양파소스와 함께 냠냠냠~~     꿀맛이지요~!        ​ ​               요즘 비싼 상추님에 샐러드와 함께 싸먹음    이또한 꿀맛이지요~!                      그러나 역쉬 갈비는 뜯어야  지대로 아닌교~~ㅎㅎ     잘 익은 갈비대는 손으로잡고 뜯어줘야 제맛~!!!!                       갈비로 적당히 채운배는 갈비탕으로 든든히 채워주는 센스~!!!     신포동  돈비어천가의 갈비는 왕갈비탕이랍니다~!!!        ​                     한손가득 잡히는  왕갈비대를 냠냠촵촵~!!!!!!               ​   ​ ​ ​ ​ ​ ​ 요즘같이 추운날씨엔 이렇게 뜨끈한 갈비탕하나 먹으면  ​ 몸도 따뜻해지고 몸보신도 될듯해요 ㅎㅎ ​ ​ ​ 오래 푹~~ 익혀진 갈비는  ​ 진짜 부들부들하고 맛있더라구요~~ ​ ​ 밥말아서 호로록~!!!!​ ​ ​ ​ ​ ​ ​  ​ ​ ​ ​ ​ ​ ​ ​ ​ ​ ​ ​아직 젊디 젊은 초딩은  ​ 이 추운날씨에도 여름바지를 입고 나와  ​ 어미 속을 뒤집으시면서  ​ 오돌오돌 떠시면서도  얼음동동 물냉면을.. ​ ​ 보기만해도 춥지만~ ​ 역쉬 갈비 마무리는 냉면이래여..........;;​   ​  ​ ​ ​ ​           신포동  돈비어천가를  가족외식으로 추천하는 이유중 하나는    놀이방이 있어서    아이들과 함께오면 아이들 보느랴 밥먹기 힘든 부모님들도    여유롭게 식사하실수있어요~~~       ​            고기 구워질동안 아이들 놀고있으니  수월하고    다 구워진 고기 먹고    어른들 식사할동안 또  놀이방 가서 신나게 노니    엄마들도 편하게 식사하시더라구요 ㅎㅎ      ​ ​                 가족 외식뿐 아니라    2층에는 1층보다 더 넓은 홀이 준비되어있고 노래방 기계도있어서   회사 회식이나 모임하기에도 최고라고해요~~      배서방네도 이곳에서 직원회식을 했었답니다 ㅎ           ​                   아이들 놀이방이 있어 가족외식 장소로도 좋고 ,   회식이나 모임장소로도 추천드리는    동인천고기집 신포동 돈비어천가 에서의    올만의 세식구의 외식이였답니다~^^                                 동인천고기집  돈비어천가    11:00~ 22:30 라스트오더 21:30   주소 : 인천광역시 중구 내동 203-11 인천시 중구개항로 53-1    예약문의 032-777-1300          





돈비어천가
인천 중구 동인천동

전화




{mapId: ""bl0130232593"", placeId: ""16358067"", type:""1"", title:""돈비어천가"", pointX:278890,pointY:542028}                                         



#동인천맛집
#동인천고기집
#신포동맛집
#신포동돈비어천가
#돈비어천가
#돼지갈비
#왕갈비탕
#인천맛집















공감한 사람 보러가기




댓글 7

공유하기











수댕이
알콩달콩 매일 신혼인 배서방과   매일매일  커가는 딸램 밴경과 함께하는  인천에사는 박엄마 수댕입니다.       댕스플라워케이크  앙금플라워떡케이크를  만들고 있어요   ★카톡 / 인스타그램 - sj3733.      이메일 - sj3733@naver.com



이웃추가









이 블로그 
인천맛집
 카테고리 글










이전
이전
다음
다음





{""title"":""[동인천고기집/신포동맛집] 신포동 돈비어천가에서  돼지갈비 냠냠 ♩"",""source"":""https://blog.naver.com/sj3733/220849754842"",""blogName"":""귀여븐 수.."",""blogId"":""sj3733"",""domainIdOrBlogId"":""sj3733"",""logNo"":220849754842,""smartEditorVersion"":2,""meDisplay"":true,""lineDisplay"":true,""outsideDisplay"":true,""cafeDisplay"":true,""blogDisplay"":true}

 맨 위로



PC버전으로 보기







닫기


카테고리


 이 블로그 홈








 


이 블로그 
인천맛집
 카테고리 글










이전
이전
다음
다음















공감한 사람 보러가기



댓글 7

공유하기








수댕이(sj3733)
님을 이웃추가하고 새글을 받아보세요



취소
이웃추가"
돈비어천가,"돈비어천가마이플레이스업체업체업체업체업체999+ 더보기돈비어천가돼지고기구이별점4.65/5방문자리뷰 533블로그리뷰 123중소벤처기업부 인증백년가게전화저장길찾기공유홈소식메뉴리뷰사진지도주변이전다음주소인천 중구 개항로 53-1 돈비어천가지도내비게이션거리뷰1동인천역 2번 출구에서485m영업시간영업 중20:30에 라스트오더20시 30분에 라스트오더펼쳐보기032-777-1300복사결제수단지역화폐(지류,카드,모바일), 제로페이편의단체석, 주차, 포장, 예약, 무선 인터넷, 유아시설 (놀이방), 남/녀 화장실 구분TV방송정보2TV생생정보 1718회, 23.01.11.2023년 1월 11일 양념목살갈비설명돈비어천가는 46년 전통을 가지고 있으며 돼지갈비 전문집으로 외길을 걸어오고 있습니다.
신포동 태능갈비로 많이 알려져 있으며 상표등록관계로 주인이 바뀌지 않은 상태에서 업소명만 바꾸었습니다.
왕갈비는 시중에서 유통되는 틀작업 고기를 구입해서 쓰지 않고 업소에서 직접 생산합니다.
정통 함흥냉면은 구입한 제품을 사용하지 않고 면과 육수를 직접 뽑습니다.
삼겹살은 농협 목우촌 제품을 사용함으로서 타 업소와 차별화하고 있습니다.
중소벤처기업부에서 인증한 백년가게로 선정되었고, 인천시 지정 맛집으로 등록되어 있으며
그 밖에도 스포츠서울, 중앙일보, 한겨레, 인천중구 등 많은 곳에서 맛집으로 등록되어 있습니다.
대형 어린이 놀이방과, 대형주차장 등이 장점입니다.
단체석도 다양하게(100석~20석) 준비되어 있으니 많이 애용해 주세요.수상 및 인증중소벤처기업부 인증백년가게접기백년가게는 30년 이상 명맥을 유지하면서도 오래도록 고객의 꾸준한 사랑을 받아온 점포 가운데, 중소벤처기업부에서 그 우수성과 성장 가능성을 높게 평가 받아 공식 인증받은 점포입니다.정보 수정 제안정보 수정 제안하기메뉴10메뉴판 이미지로 보기수제 돼지왕갈비 350g18,000원농협 목우촌생삼겹 200g18,000원한우육회 200g30,000원한우등심 180g55,000원메뉴더보기이용약관고객센터리뷰운영정책신고센터네이버"
돈비어천가,"모바일보기
|
 내위치설정
|
 장바구니
|
 로그인    
					
			



























       
		

맛집멋집
펜션민박
행사축제
관광명소
레포츠
쇼핑
호텔모텔
병원
약국
동물병원
뷰티샵
뉴스
블로그
youtube















맛집·멋집




펜션·민박




뷰티샵




쇼핑몰




블로그




뉴스




마이페이지



맛집·멋집  :> 
맛집·멋집
|
배달맛집
|
택배맛집


쇼핑몰  :> 
쇼핑몰
|
장바구니


블로그  :> 
요리레시피
|
국내여행
|
해외여행
|
건강의학
|
영화이야기
|
레포츠
|
산행·등반


뉴스  :> 
국내여행
|
해외여행
|
건강의학
|
방송·연예
|
영화이야기
|
유행패션
|
뷰티미용
|
비즈니스·경제
|
금융·증권
|
부동산
|
인터넷·IT
|
이야기


마이페이지  :> 
마이페이지
|
로그인
|
아이디/비번 찾기
|
내 통장
|
주문내역











등록  
		Register 




문의  
		Question 




OPEN API  
	


맛집·멋집
 맛집·멋집
 배달맛집
 택배맛집






 


















    
					HOME >  맛집·멋집 > 맛집·멋집 














































돈비어천가
 일반식당 > 고기·갈비·불고기






			 
			바로가기
			


























 이름
돈비어천가 


 구분
일반식당 > 고기·갈비·불고기 
					
		


  전화
032-777-1300 
		
		


 주소
인천 중구 개항로 53-1 
		
		












메뉴정보
				














  18,000
왕갈비(300g)  




  18,000
목우촌생삼겹(200g)  




  17,000
버섯불고기+밥  




  30,000
육회(200g)  




  45,000
등심(180g)  




  12,000
그린포크(250g)  









  7,500
함흥냉면  




  12,000
왕갈비탕  



※ 상기 정보는 언제든지 변경될 수 있으며 emmaru는 자료의 정확성을 보증하지 않습니다.




지도
			





















10km
5km
2km
1km
500m
200m
100m

			인근   
			
펜션민박행사축제관광명소레포츠쇼핑호텔모텔병원약국동물병원뷰티샵뉴스블로그youtube
  
			








10km
2km
1km
500m
200m
100m
50m


 
				
전체
정통·고급요리일반식당카페·레스토랑페스트푸드주점배달전문




전체
  
			
 
				 
				



인기순
거리순

현 지도에서..











사진
			


















blog.naver.com/asamade/221801371570
























돈비어천가
관련 글(리뷰/방문기)


















					동인천 신포시장 맛집 백년가게 돈비어천가	
				



					
 #신포시장맛집 돈비어천가는 주차공간이 절대적으로 부족한 동인천 신포동에 자체 주차장을 보유하고 있어 주차 걱정 없이 편하게 갈 수 있는 ...
			

blog
blog.naver.com/asamade/221801371570









불나방  
					2020-02-08	

 여행, 맛집, 텃밭, 커피, 베이킹... 이젠 즐기며 살고 싶습니다.





 








					[인천이야기] [돈비어천가] 동인천 신포동 맛집 [백년가게] 돈 ...	
				



			[인천이야기] [돈비어천가] 동인천 신포동 맛집 [백년가게] 돈비어천가
 관세동우회 인천지부 모임이 돈비어천가 에서 모일 예정이었지만 '신종코 ...
			

blog
blog.naver.com/jinzao77/221797290442









엔딩코디 진재근  
					2020-02-06	

 한국웰다잉교육문화연구원 사무국장 ♡ 웰다잉강사 ♡ 데이케어 프로그램강사 ♡ SNS ...





 








					신포동 회식장소 맛과 서비스 만족스러운 동인천 돈비어천가	
				



			신포동 회식장소로 딱 좋은 맛좋고 서비스 좋은 동인천 돈비어천가 신포동회식 신포동외식 신포동고기집 신포동고기맛집 신포동 맛집 동인천갈비 삼겹살  ...
			

blog
blog.naver.com/an4747/221707583726









기룽  
					2019-11-14	

 [목표] 1달에 2번은 여행가자 협찬문의 쪽지 또는 an4747@naver.com





 








					<신포동 맛집> 양념갈비가 최고인 동인천 돈비어천가	
				



			지난 주 오랜만에 인천나들이를 다녀왔죠? 송월동 동화마을과 인천 차이나타운을 한바퀴 돌아보고 왔는데요. 차이나타운에서 저녁을 먹을까 하다가..  ...
			

blog
blog.naver.com/dldyddl/221704531199









용쓰패밀리  
					2019-11-11	

 캠핑, 여행, 그리고 맛있는 인생을 사는 쭈니와 비니네 가족입니다^^





 








					신포동 맛집 동인천 돈비어천가 왕갈비 꿀맛탱	
				



			신포동 맛집 동인천 돈비어천가 왕갈비 꿀맛탱 살살 녹아요 위치 : 인천광역시 중구 개항로 53-1 운영시간 : 매일 11:30 ~ 22:30 전 ...
			

blog
blog.naver.com/gmlehd_96/221699680884









마이만유  
					2019-11-06	

 안녕하세요, 뷰티 인플루언서 마이만유 입니다! 협찬 문의는 메일 & 톡톡으로 연락 ...





 








					신포맛집 돈비어천가 백년가게로 선정된곳~~	
				



			www.newsfinder.co.kr 동 인천 갈비 돈비어천가 는 인천 내동 맛집으로 각종모임장소도 손색이 없는곳으로 언론에서도 보도된 적이 있 ...
			

blog
blog.naver.com/skingeye2008/221681983371









비니맘  
					2019-10-18	

 공감과 댓글엔 늦더라도 답방100프로!!읽지않는 공감은 정중히 사양합니다~소통하고 ...





 








					신포동 맛집 45년 전통 돼지갈비 동 인천 돈비어천가	
				



			인천 중구 개항로 53-1 (지번 내동 205-1) 신포동 맛집 돈비어천가 는 가게 뒤편에 넓은 주차장이 있답니다 ㅋㅋ 신포동이 오래된 동네라  ...
			

blog
blog.naver.com/0624won/221672807704









M앤B 추추  
					2019-10-09	

 ★ 2015년 11월생 밝고 씩씩하고 이쁜 아가와 세식구 알콩달콩 사는 이야기♡  ...





 








					신포동 맛집 백년가게 동인천 돈비어천가	
				



			돈비어천가 인천 중구 내동 203-11 ☎ 032-777-1300 신포동 맛집 돈비어천가 바로 뒤쪽에 있는 전용 주차장에 차를 대고 들어갑니다. ...
			

blog
blog.naver.com/asamade/221671598748









불나방  
					2019-10-08	

 여행, 맛집, 텃밭, 커피, 베이킹... 이젠 즐기며 살고 싶습니다.





 








					신포동맛집 백년가게 선정된 동 인천 돈비어천가 다녀왔어요	
				



			이번에 옛 추억이 있는 동 인천 쪽에 백년가게로 선정되었다는 돈비어천가 에 왕갈비... 주소 : 인천 중구 내동 205-1 Tel. 032-77 ...
			

blog
blog.naver.com/you_i0203/221670376495









쌍두  
					2019-10-07	

 이 세상 모든 곳을 둘러보고 싶고 새로운 모든 것을 경험해보고 싶다. mail : ...





 








					신포동 맛집 왕갈비 맛있는 동 인천 돈비어천가	
				



			"" 신포동 맛집 왕갈비 맛있는 동 인천 돈비어천가 "" ■ 1974년에 시작된 태능갈비... ㅎㅎ http://naver.me/FQdj5Vu2 인 ...
			

blog
blog.naver.com/textpic/221669210885









쭈누쭈누  
					2019-10-05	

 스타일리쉬한 홈 스타일링!! 쭈누쭈누의 따뜻한 공간으로 초대합니다. ^^





 






















 




 
커플시밀러 꽈11,700원



 




 
남녀겸용 기본7,200원



 




 
대웅 열풍기 히65,000원 ★무료배송★



 




 
이러나 홍삼(액100,000원 ★무료배송★



 




 
홈삼선물세트 -170,000원 ★무료배송★



 




 
노벨뷰 SD100019,900원



 













					신포동 맛집 동인천 돈비어천가 ::신포동나들이하고 동인천 돈비어 ...	
				



			바닐라라떼입니다. 오랫만에 동인천나들이를 할까 해서 #신포동에 나섰어요. 동인천은 인천출신이라면.. 거기다 나와 비슷한 나이대라면 학창시절..  ...
			

blog
blog.naver.com/loveyoun00/221663051158









바닐라라떼  
					2019-09-29	

 오늘 하루를 소소한 행복으로 채우고 싶은 바닐라라떼의 데일리 다이어리





 








					신포국제시장맛집♥동 인천 돈비어천가 왕갈비맛이 대박	
				



			우리는 1인 1공기를 먹는다 입가심으로 콜라와 사이다까정 ㅋㅋ ㅋㅋ 낮술은 금지 ㅋ 신포동 돈비어천가 주소 :: 인천 중구 개항로 53-1 지번 ...
			

blog
blog.naver.com/blueblue0505/221662891376









블루  
					2019-09-29	

 대한민국 구석구석을 블루랑 같이 즐겨보아요 여행하고 맛집가고 사진찍기 좋아하는 블 ...





 








					신포 맛집 :: 45년 전통 갈비집 ' 돈비어천가 '	
				



			역시 갈비는 사랑>_< 고퀄리티의 오랜 전통있는 갈비집 신포 맛집 ' 돈비어천가 ' http://www.newsfinder.co.kr/news/ ...
			

blog
blog.naver.com/eajy0924/221648513978









주정뱅이  
					2019-09-15	

 맛있게 먹고, 마시는 것을 좋아하는 주정뱅이의 공간





 








					신포동 갈비 돈비어천가 갈비가 너무나도 맛있는 신포 맛집~!	
				



			예약문의 T. 032-777-1300 신포동 갈비맛집 돈비어천가 외부모습입니다~ 주차장도 준비되어있어서 차가져오셔도 무난히 이용가능하실거같아용~ ...
			

blog
blog.naver.com/meek9511/221646831304









윤블리  
					2019-09-12	

 안녕하세요~ 맛집과 일상 패션 뷰티 블로그입니다~ 서이추 환영!!! 인스타- y_ ...





 








					신포 맛집 ""돈비어천가"" 인천중구맛집	
				



			? ? 저 어렸을때는 동인천이랑 신포동이 인천에서 최고의 번화가 였답니다.. ? 그 때부터 있던 구 태능갈비 ""돈비어천가"" ? 아이들이랑 친정엄 ...
			

blog
blog.naver.com/happy8099/221531960265









상냥피아노  
					2019-05-07	

 세상의 모든 아름다움...````





 








					중구고깃집 / 인천 회식 [ 돈비어천가 ] 푸짐한 한상차림!	
				



			맛집 인천 내동 맛집 ' 돈비어천가 ', 각종 모임 장소로 제격 - 뉴스파인더 [윤수지 기자] 가을에는 왠지 정다운 벗들이 그립다. 그래서인지  ...
			

blog
blog.naver.com/hooha333/221438094230









뽀라뽀라  
					2019-01-09	

 요리,맛집,여행,꽃을 좋아하는 블로거입니다 자주 소통해요^^ ☺️☺️





 








					인천 중구 고깃집 맛집 돈비어천가	
				



			곳이더라구요 인천 내동 맛집 ' 돈비어천가 ', 각종 모임 장소로 제격 http://www.newsfinder.co.kr/news/article ...
			

blog
blog.naver.com/haeyeon89/221433078973









미뇽  
					2019-01-04	

 미뇽의 소소한 일상 이야기





 








					인천 중구 고깃집 신포동맛집 돈비어천가 돼지왕갈비 맛있옹♥	
				



			오전11시30분-밤10시30분 인천 내동 맛집 돈비어천가 내부 ' ' = 돈비어천가 는 매장이 엄청 큽니다 제가 찍어온 부분은 1층 매장이고요  ...
			

blog
blog.naver.com/ajlover0407/221421304136









동글이  
					2018-12-17	

 당신의 모든 기록을 담는 공간





 








					[ 신포동 맛집 ] 돈비어천가	
				



			갈비부터 냉면까지 무엇 하나 빼놓을 것 없이 맛있었던 #신포동맛집 #돈비어천가 다음에 또 방문하고싶당? 위치: 인천 중구 개항로 53-1 전화번 ...
			

blog
blog.naver.com/jiwon93107/221420529012









워니  
					2018-12-16	

 서로이웃 신청시, 기본메세지는 안받습니다.





 





돈비어천가
댓글










 
























































   인기만점 맛집멋집

 





마틸다개항로
인천 중구


  





메콩사롱
인천 중구


  





신포스시에비스
인천 중구


  


 





미광
인천 중구


  





덕적식당
인천 중구


  





숙성의미 신포점
인천 중구


  


 





혜빈장
인천 중구


  





에그드랍 신포점
인천 중구


  





문화반점
인천 동구


  
















  

 




 
노벨뷰 SD100019,900원


  




 
한빛강철판히터162,000원 ★무료배송★


  




 
루베크 입체난45,000원 ★무료배송★


  


 




 
ss 에스키모 남37,200원 ★무료배송★


  




 
ss 오토바이 지65,000원 ★무료배송★


  




 
커플시밀러 꽈11,700원


  


 




 
남녀겸용 기본7,200원


  




 
대웅 열풍기 히65,000원 ★무료배송★


  




 
이러나 홍삼(액100,000원 ★무료배송★


  
























			© 엠마루, © emmaru.com.   2023  All RIGHTS RESERVED. 
emmaru.com은 통신판매중개자로 통신판매의 당사자가 아닙니다. 따라서 해당 제휴판매 상품에 대해서는 emmaru.com은 상품·거래정보 및 거래에 대하여 책임을 지지 않습니다."
돈비어천가,"생생정보통 맛집오늘 태능갈비 돈비어천가 49년 전통 양념목살갈비 수제 돼지 왕갈비 버섯 불고기 인천 중구 내동 개항로 맛집 2tv 저녁 생생정보 전설의맛 동인천 돼지갈비 맛집	











즐겨찾기
08월 13일(일)





로그인
회원가입











				생생정보통 맛집오늘
				

					생생정보통 맛집오늘, 생생정보 맛집, 2TV 저녁 생생정보, 메뉴통, 생활의달인, 무한리필 맛집 TV방송 맛집
				




































생생정보통 맛집오늘

































0




























							생생정보통 맛집오늘													




											생생정보통 맛집오늘																					






							생활의 달인 맛집													




											생활의 달인 맛집																					






							데스크													




											공지사항																					





 


 












								생생정보통 맛집오늘															




												생생정보통 맛집오늘																							






								생활의 달인 맛집															




												생활의 달인 맛집																							






								데스크															




												공지사항																							



























홈



								생생정보통 맛집오늘															



								생활의 달인 맛집															



								데스크															








0













								생생정보통 맛집오늘															













						생생정보통 맛집오늘					



















						생생정보통 맛집오늘 태능갈비 돈비어천가 49년 전통 양념목살갈비 수제 돼지 왕갈비 버섯 불고기 인천 중구 내동 개항로 맛집 2tv 저녁 생생정보 전설의맛 동인천 돼지갈비 맛집	    












스크랩(찜) 하기


스크랩(찜) 보기








 




상호 돈비어천가  전화번호 032-777-1300 주소 인천 중구 개항로 53-1 대표메뉴 수제돼지왕갈비, 생삼겹, 한우육회, 왕갈비탕, 버섯불고기 영업시간 11:00 - 22:00 (B.T 15:00 - 17:00, L.O 21:00) 휴무일 화요일 photo by 돈비어천가,몽셀님 





상호 돈비어천가  전화번호 032-777-1300 주소 인천 중구 개항로 53-1 대표메뉴 수제돼지왕갈비, 생삼겹, 한우육회, 왕갈비탕, 버섯불고기 영업시간 11:00 - 22:00 (B.T 15:00 - 17:00, L.O 21:00) 휴무일 화요일 photo by 돈비어천가,몽셀님 







신포동 태능갈비자가제면 냉면 생생정보통 맛집오늘 태능갈비 돈비어천가 49년 전통 양념목살갈비 수제 돼지 왕갈비 버섯 불고기 인천 중구 내동 개항로 맛집 2tv 저녁 생생정보 전설의맛 동인천 돼지갈비 맛집 수제 돼지 왕갈비칠레산350g 17,000원  생생정보통 맛집오늘 태능갈비 돈비어천가 49년 전통 양념목살갈비 수제 돼지 왕갈비 버섯 불고기 인천 중구 내동 개항로 맛집 2tv 저녁 생생정보 전설의맛 동인천 돼지갈비 맛집 버섯 불고기전골미국산1인 17,000원생생정보통 맛집오늘 태능갈비 돈비어천가 49년 전통 양념목살갈비 수제 돼지 왕갈비 버섯 불고기 인천 중구 내동 개항로 맛집 2tv 저녁 생생정보 전설의맛 동인천 돼지갈비 맛집 왕갈비탕미국산14,000원농협 목우촌 생삼겹살국내산200g 17,000원기본찬 














 



22316) 인천 중구 내동 205-4  
	












SNS 으로 이 글을 전송하시려면 아이콘 클릭~









호불호는 있겠지만 생생정보통 생생정보에 소개된 음식점들은 출연 댓가로 협찬이나 돈을 받지 않는 식당들입니다. 즐겨찾기 추천~!





* 원하시는 음식점, 메뉴를 상세하게 검색하시는 방법설명 (클릭~)




* 이 글을 스크랩(찜, 저장) 하시고 나중에 보시는 방법설명 (클릭~)




스크랩(찜) 하기


스크랩(찜) 보기














 1 Comments
	



로그인한 회원만 댓글 등록이 가능합니다.

소셜계정으로 로그인



네이버 로그인



카카오 로그인



 










×
Image Upload



 
					로그인한 회원만 등록가능합니다.				



 Upload















 이전


 다음


 목록














생생정보통 맛집오늘
이용약관
개인정보처리방침
이메일 무단수집거부
책임의 한계와 법적고지


이용안내
문의하기
모바일버전








생생정보통 맛집오늘 
							All rights reserved.
						




































로그인
회원가입
정보찾기






소셜계정으로 로그인



네이버 로그인



카카오 로그인






MENU





홈으로






스크랩(찜)






1:1 문의







 
						생생정보통 맛집오늘											





								생생정보통 맛집오늘															







 
						생활의 달인 맛집											





								생활의 달인 맛집															







 
						데스크											





								공지사항															











SEARCH






게시물
태그




또는
그리고






























Login



				자동로그인 및 로그인 상태 유지
			


소셜계정으로 로그인



네이버 로그인



카카오 로그인








MEMBER


회원가입
아이디/비밀번호 찾기





SERVICE


1:1 문의"
돈비어천가,"검색











음식점
축제
숙박
레저



 




돈비어천가


 사진 이미지 더보기










상세설명
리뷰
연락처&내비







돈비어천가

40년전통, 내동 태능갈비의 새이름 돼지왕갈비, 목우촌생삼겹, 한우버섯불고기, 왕갈비탕






 주소 : 인천 중구 개항로 53-1  53 							


								대표번호 : 
																032-777-1300								
							
 메뉴소개

									





  






													 
														Tip.메뉴에 대한 정보는 변동 될 수 있습니다.
													
												





 
  





위치안내





Reviews




										소중한 시간들									

맛 인천 중구 맛집 임원경 돈비어천가 주인장이 직접 굽는... 
돈비어천가 대표메뉴 : 양념목살갈비 돼지왕갈비 주소 : 인천 중구 개항로 53-1 주소 : 032-777-1300 10여 가지 반찬 제공 노포 식당 고기집 자세한 이야기 https://korearestaurants.blogspot.com/2023/01... 






										공유와 소통의 산들바람 :: 공유와 소통의 산들바람									

5지구 종합상가 대장장이 한칼, 인천시 내동 돈비어천가
돈비어천가 > 인천광역시 중구 개항로 53-1 (지번) 인천시 중구 내동 205-4 ☎ 032-777-1300 * 영업시간 : 매일 11:00-22:00 / 휴무 : 화요일 믿고 떠나는 스타의 고장 - 탤런트 이상인의 < 경상남도... 






										놀러오세요~									

생생정보통 양념목살갈비 인천 돈비어천가
생생정보통 양념목살갈비 메뉴 수제 돼지왕갈비 17,000원 농협 목우촌생삼겹 18,000원 한우육회 30,000원 한우등심 45,000원 인천 돈비어천가 주소 인천 중구 개항로 53-1 [지번] 내동 205-4 전화번호 032-777... 






										내 블로그									

생생정보통 인천... 돈비어천가 대구 칼갈이 대장간 연마사... 
듣는다 칼 갈아주는 대장장이 <한칼> (대구점) 주소 : 대구광역시 중구 큰장로26길 6 서문시장 5지구 1층 230호 ☎ 0507-1332-7318 49년 전통 양념목살갈비 <인천 돈비어천가> 인천 중구 개항로 53-1 ☎ 032-777-1300






										소당소당 _감성 미식회									

<신포시장 근처> 백년의 맛을녹여낸 수제갈비 ""돈비어천가""
백년가게 인증된 ""돈비어천가"" 오늘 한번 야무지게 뜯어보자 인천광역시 중구 개항로 53-1 매일 11시 30분에서 21시 30분까지 정기휴무는 화요일 라스트 오더 14시, 20시 30분 032-777-1300 *지역화폐 (지류카드,카드... 



 







연락처 및 길 안내 





카카오내비





T 내비




공유하기


























대표 : 박상원사업자번호 : 313-03-89014대표번호 : 041-358-7024주소 : 충남 당진시 당진중앙2로 188 인제빌딩 3층
						
					


인천지점 032-875-8774 인천광역시 미추홀구 제일로40번길 34
강릉지점 033-644-7024 강원도 강릉시 옥천로62번길 26




links

사이트소개


업체등록/기타 문의
위치기반서비스이용약관



담당연락처

 041-358-7024
 [email protected]















© 2023 인천맛집













Sign In



Login with Facebook
Login with Google
Or

Email




Password





Remember me
						  



Forgot Password?



					Don’t have an account? Sign up



Please confirm login email below



You will receive an email containing a link allowing you to reset your password to a new preferred one.










검색하기





검색어














내 위치 재설정

현재 위치 재검색 또는 지도로 위치설정이 가능합니다.

 나의 현재 위치 재검색


 지도・주소로 위치 설정








나의 위치 설정하기

×













검색








취소
지도를 움직이거나상단의 주소를 검색하세요.
설정완료"
돈비어천가,"본문 바로가기




 



예약하기
닫기










음식점위생등급 좋음
음식점위생등급 우수
음식점위생등급 매우우수














좋아요


조회수

즐겨찾기

인쇄하기


코스 담기


공유하기










사진보기
상세정보
여행톡
추천여행




사진등록하기
사진보기







이전
다음












				[중소벤처기업부 2019년도 ''백년가게''로 선정]1984년 ‘태능갈비’로 시작하여 2002년에 ‘돈비어천가’로 개명하여 운영하고 있는 곳이다. 숯불에 구워 쉽게 탈 수 있는 돼지갈비의 조리 특성상, 최상의 품질을 위해 종사자가 직접 조리하여 고객에게 최상의 맛을 선보이고 있다. 양념이 자작하게 스며들어 육질이 부드러운 것이 이곳 돼지갈비의 특징이다. 삼겹살은 목우촌중에서도 최상급인 으뜸이라는 브랜드를 사용함으로서 타 업소와 차별화하고 있다. 넓은 주차 공간과 어린이 놀이시설을 보유하고 있으며, 매출액의 5%를 적립하여 재방문 고객에게 되돌려주는 방식의 고객카드제를 실시하고 있다.



상세정보

관광정보 수정요청




















							내용 더보기




상세정보


지도 건너뛰기
 

여행지도보기







즐겨찾기
좋아요
코스담기
길안내


닫기


상세보기

주변 여행지
음식점
카페
숙소
주차장














더보기




연관 여행상품 보기

반려동물 여행정보 보기


※ 반려동물 동반 여행정보는 현지 사정에 따라 변동될 수 있으므로 반드시 방문 전 문의 부탁드립니다.
※ 여행 펫티켓을 준수해주시고 안전 사고에 유의해주세요.












모두의 여행 '무장애여행'






 장애인 화장실 있음





 장애인용 엘리베이터 있음




 장애인 전용 주차구역 있음




 주출입구 단차없음




 지하철 접근가능함




 저상버스 접근가능함




 휠체어 대여함




 시각장애인 편의서비스 있음




 청각장애인 편의서비스 있음




 수유실 있음




 장애인 객실 있음




 유모차 대여 있음










				객실안내
				
닫기


열기
















  길찾기 



  내비게이션







  전화걸기 










더보기






열기






해당 여행지가 마음에 드시나요?
평가를 해주시면 개인화 추천 시 활용하여 최적의 여행지를 추천해 드리겠습니다.




좋아요!



별로예요





여행톡




						여행톡




로그인 후 소중한 댓글을 남겨주세요.


  파일찾기 등록







전체
방문자후기



등록된 댓글이 없습니다.






댓글 더보기








 


추천여행




추천여행연관정보
				
















주변 숙소 비교












생생후기



















직접 찍은 여행지 사진을 올려주세요
닫기





  파일찾기





[사진 파일 첨부시 유의사항]

사진 활용에 저작권 문제가 없는 사진만을 첨부 부탁드립니다.
상표권 및 초상권에 문제가 없는 직접 촬영한 사진만을 등록 부탁드립니다.(인물, 얼굴
							노출 삼가 )
						
사진 파일은 jpg, jpeg, png 확장자만 업로드 가능합니다.
사이즈는 700px 이상의 사이즈만 업로드 가능합니다.
사진은 최대용량 10Mb를 넘을 수 없습니다.

 저작권
					보증 및 제공에 동의합니다. 약관보기


※ 저작권 보증 및 제공 동의

							지역관광지(업소) 홍보를 목적으로 귀하(기관)에서 우리 공사에 제공하는 자료(사진,원고 등)에 대한 저작권 및
							소유권을 귀하(기관)가 보유하고 있음을 보증하여야 합니다.   만일, 귀하(기관)가
							제공한 자료가 제3자의 권리를 침해하거나 제3자에게 손해가 발생하는 등 자료와 관련하여 법적 분쟁이 발생했을 경우,
							모든 책임은 귀하(기관)에 있으며 귀하(기관)의 비용과 노력으로 분쟁을 해결해야 하며 함을 알려 드립니다.
 귀하(기관)에서 우리 공사에 제공하는 자료(사진, 원고, 영상 등)는 지역관광지(업소) 홍보
							목적으로 타기관(공공기관, 포탈사이트 등)에 제공 될 수 있으며, 민원 제기 등의 사유로 귀하(기관)의 정보를 더
							이상 제공하기에 어렵다고 판단되는 경우, 사전 동의 없이 삭제 처리할 수 있음을 알려 드립니다.
						





취소 등록















우리나라 최고(最古)의 인공연 우리나라 최고(最古)의 인공연 우리나라 최고(最古)의 인공연
발도장 남기기 완료!
※ 발도장은 각 여행지별 1일 1회 남길 수 있습니다.



MY 발도장 보기
이벤트 참여하기

닫기






오늘 이미 발도장을 남긴여행지 입니다.
※ 발도장은 각 여행지별 1일 1회 남길 수 있습니다.



MY 발도장 보기
이벤트 참여하기

닫기






우리나라 최고(最古)의 인공연 우리나라 최고(最古)의 인공연 우리나라 최고(最古)의 인공연
발도장 남기기 완료!




추천맛집&최애맛집 제보 이벤트 그곳이 알고싶다 그곳이알고싶다추천맛집&최애맛집 제보 이벤트 그곳이 알고싶다 그곳이알고싶다
발도장 1개 인증 완료!
미션 완료까지 5개 발도장이 더 필요해요!




다음
이전






						※ 발도장은 각 여행지별 1일 1회 남길 수 있습니다.
						단, 이벤트 참여 시에는 한 여행지당 이벤트 기간 내
						1회만 발도장을 남길 수 있습니다.
					



MY 발도장 보기
이벤트 참여 현황 보기

닫기






우리나라 최고(最古)의 인공연 우리나라 최고(最古)의 인공연 우리나라 최고(最古)의 인공연
발도장 남기기 완료!




추천맛집&최애맛집 제보 이벤트 그곳이 알고싶다 그곳이알고싶다추천맛집&최애맛집 제보 이벤트 그곳이 알고싶다 그곳이알고싶다
발도장 1개 인증 완료!




다음
이전






						※ 발도장은 각 여행지별 1일 1회 남길 수 있습니다.
						단, 이벤트 참여 시에는 한 여행지당 이벤트 기간 내
						1회만 발도장을 남길 수 있습니다.
					



MY 발도장 보기
이벤트 참여 현황 보기

닫기






우리나라 최고(最古)의 인공연 우리나라 최고(最古)의 인공연 우리나라 최고(最古)의 인공연
발도장 남기기 완료!




추천맛집&최애맛집 제보 이벤트 그곳이 알고싶다 그곳이알고싶다추천맛집&최애맛집 제보 이벤트 그곳이 알고싶다 그곳이알고싶다
발도장 1개 인증 완료!
당첨자 발표일 : 2022.09.30




다음
이전






						※ 발도장은 각 여행지별 1일 1회 남길 수 있습니다.
						단, 이벤트 참여 시에는 한 여행지당 이벤트 기간 내
						1회만 발도장을 남길 수 있습니다.
					



MY 발도장 보기
이벤트 참여 현황 보기

닫기






우리나라 최고(最古)의 인공연 우리나라 최고(最古)의 인공연 우리나라 최고(最古)의 인공연
발도장 남기기 완료!




추천맛집&최애맛집 제보 이벤트 그곳이 알고싶다 그곳이알고싶다추천맛집&최애맛집 제보 이벤트 그곳이 알고싶다 그곳이알고싶다
발도장 1개 인증 완료!

										축하드립니다.
“스타벅스 아메리카노 교환권”에 당첨되셨습니다.
									




다음
이전






						※ 발도장은 각 여행지별 1일 1회 남길 수 있습니다.
						단, 이벤트 참여 시에는 한 여행지당 이벤트 기간 내
						1회만 발도장을 남길 수 있습니다.
					



MY 발도장 보기
이벤트 참여 현황 보기

닫기






우리나라 최고(最古)의 인공연 우리나라 최고(最古)의 인공연 우리나라 최고(最古)의 인공연
발도장 남기기 완료!




추천맛집&최애맛집 제보 이벤트 그곳이 알고싶다 그곳이알고싶다추천맛집&최애맛집 제보 이벤트 그곳이 알고싶다 그곳이알고싶다
발도장 1개 인증 완료!

										“아쉽지만 선착순 종료되었습니다!
										다음 이벤트를 기대해 주세요”
									




다음
이전






						※ 발도장은 각 여행지별 1일 1회 남길 수 있습니다.
						단, 이벤트 참여 시에는 한 여행지당 이벤트 기간 내
						1회만 발도장을 남길 수 있습니다.
					



MY 발도장 보기
이벤트 참여 현황 보기

닫기






우리나라 최고(最古)의 인공연 우리나라 최고(最古)의 인공연 우리나라 최고(最古)의 인공연
발도장 남기기 완료!




추천맛집&최애맛집 제보 이벤트 그곳이 알고싶다 그곳이알고싶다추천맛집&최애맛집 제보 이벤트 그곳이 알고싶다 그곳이알고싶다
발도장 1개 인증 완료!
“이미 당첨된 이벤트 입니다”




다음
이전






						※ 발도장은 각 여행지별 1일 1회 남길 수 있습니다.
						단, 이벤트 참여 시에는 한 여행지당 이벤트 기간 내
						1회만 발도장을 남길 수 있습니다.
					



MY 발도장 보기
이벤트 참여 현황 보기

닫기






이미 발도장을 남긴 여행지 입니다.




추천맛집&최애맛집 제보 이벤트 그곳이 알고싶다 그곳이알고싶다추천맛집&최애맛집 제보 이벤트 그곳이 알고싶다 그곳이알고싶다

										“이벤트에 아직 참여하지 않으셨네요.
										오늘 남긴 발도장으로 이벤트 응모가 가능합니다. 
										이벤트에 참여해 볼까요?”
									




다음
이전






						※ 발도장은 각 여행지별 1일 1회 남길 수 있습니다.
						단, 이벤트 참여 시에는 한 여행지당 이벤트 기간 내
						1회만 발도장을 남길 수 있습니다.
					



MY 발도장 보기
이벤트 참여 하기

닫기






이미 발도장을 남긴 여행지 입니다.




추천맛집&최애맛집 제보 이벤트 그곳이 알고싶다 그곳이알고싶다추천맛집&최애맛집 제보 이벤트 그곳이 알고싶다 그곳이알고싶다
“이벤트에 참여 완료 하셨습니다.”




다음
이전






						※ 발도장은 각 여행지별 1일 1회 남길 수 있습니다.
						단, 이벤트 참여 시에는 한 여행지당 이벤트 기간 내
						1회만 발도장을 남길 수 있습니다.
					



MY 발도장 보기
이벤트 참여 현황 보기

닫기






우리나라 최고(最古)의 인공연 우리나라 최고(最古)의 인공연 우리나라 최고(最古)의 인공연
발도장 남기기 완료!
※ 발도장은 각 여행지별 1일 1회 남길 수 있습니다.


MY 발도장 보기





닫기






우리나라 최고(最古)의 인공연 우리나라 최고(最古)의 인공연 우리나라 최고(最古)의 인공연
발도장 남기기 완료!




추천맛집&최애맛집 제보 이벤트 그곳이 알고싶다 그곳이알고싶다추천맛집&최애맛집 제보 이벤트 그곳이 알고싶다 그곳이알고싶다
발도장 1개 인증 완료!
미션 완료까지 5개 발도장이 더 필요해요!




다음
이전






						※ 발도장은 각 여행지별 1일 1회 남길 수 있습니다.
						단, 이벤트 참여 시에는 한 여행지당 이벤트 기간 내
						1회만 발도장을 남길 수 있습니다.
					



MY 발도장 보기
이벤트 참여 현황 보기

닫기









발도장 남기기 완료!

※ 발도장은 각 여행지별 1일 1회 남길 수 있습니다.

여행지는 얼마나 만족하셨나요?


5 stars

4 stars

3 stars

2 stars

1 star



만족도 참여 완료

닫기









이벤트 응모 및 경품 발송을 위한 개인정보를 입력해주세요.





이름



전화번호


010
011
016
017
018
019





※전화번호는 이벤트 경품 발송 시에만 활용되며 이벤트 종료 후, 약관에 따라 삭제 처리됩니다.


성별

선택
남성
여성



나이

선택
10대
20대
30대
40대
50대
60대 이상




주소



직업



이메일



지역


선택
서울
경기
인천
광주
대구
대전
강원
충남
충북
경남
경북
전남
전북
울산
부산
제주




기타



이벤트 개인정보 수집 ·이용에 관한 동의






개인정보 수집 활용에 동의하시겠습니까?

동의함
동의안함



개인정보 제 3자 제공에 대한 동의






개인정보 제 3자 제공에 동의하시겠습니까?

동의함
동의안함



모두 동의합니다.



확인
취소










닫기












즐겨찾기
좋아요
코스담기
길안내


닫기


상세보기

주변 여행지
음식점
카페
숙소
주차장













여행콕콕 제공 여행지 안내
			
닫기



다양한 행동유형 데이터를 바탕으로 맞춤형 안전여행지와 맛집 정보를 제공합니다.
				 SK텔레콤 데이터를 활용하여 경계~양호 4단계로 여행지별 ‘안전여행지수’를 안내하고 있습니다.
			
 









경기 가평 주변 추천 여행지 콕콕! 경기 가평 주변 추천 여행지 콕콕!
닫기






이전
다음












경기 가평 주변 추천 여행지 콕콕! 경기 가평 주변 추천 여행지 콕콕!
닫기















참여하실 이벤트를 선택해주세요.




이벤트 선택

발도장 이벤트


이벤트 기간
2022-09-13 ~ 2022-09-22


이벤트 내용
대한민국 여행지 4곳 방문하고 할인 쿠폰 받아가세요.


이벤트 혜택
관광시설 30% 할인 쿠폰






이벤트 선택

소촌소생 이벤트(평창)


이벤트 기간
2022-09-13 ~ 2022-09-22


이벤트 내용
평창지역의 여행지 3곳을 방문하고 할인혜택을 받으세요
								여행지 4곳 방문하고 할인 쿠폰 받아가세요.
							


이벤트 혜택
관광시설 30% 할인 쿠폰






이벤트 선택

소촌소생 이벤트(평창)


이벤트 기간
2022-09-13 ~ 2022-09-22


이벤트 내용
평창지역의 여행지 3곳을 방문하고 할인혜택을 받으세요
								여행지 4곳 방문하고 할인 쿠폰 받아가세요.
							


이벤트 혜택
관광시설 30% 할인 쿠폰





전체 선택하기

발도장 남기고 이벤트 참여하기

닫기"
